1	0 Jupiler Pro League
100	SUB-20
100102	"IAN LIF
100103	“ C B0 卜
100109	EUROPEAN QUALIFIERS
1001959	AFC
1001961	匚 FH 中 国
101	ON 彡
1016197	LIALAYSIB
1018790	0
1018791	IRAN
102	IOD
102413	19 山 Aslan Games 00 0 000 ？ 0 ？ ？
102415	· C M £ 羽 卜 LI BERTADORES
102416	“ C B0 卜
102420	ASIIA]N 00 卫
102421	LIGA PROFESIONAL DE FÜTBOL
102424	ampeonato
102426	AU LI S 0 ， 匕 Sicredi
102427	Copa B 下 磷 0 d0BRASIL
102428	明 治 安 田 生 命 J 1 LEÄGUE
102429	天 皇 杯 JFA CHAMPIONSHIP
102430	LEAGUE CUP EST. 旧 9 J.LEAGUE YBC Levain CUP
1024815	+ONG 彳 0
1025243	ASSO Fou nded 1892
103	F G F 1939 00 ％ 0
1039313	拙 厶 0 艹 0 》 树 悫 M 厶 0
1039608	THAILAND
104551	Fo the Game. Fo the World.
107186	CBF
107187	@ 鼻 P 霉 @ 暂 @ GOA 0
107189	CBF
107190	CBF
107191	BRASWEXRAO 0 № 《 《 SÉR* 河
107192	BRASXLEXRÄO
107255	FU 萨 《 辶
107256	0 0 JAPAN FOOTBALL LEAGUE
107317	JAPAN JFA
107318	JAPAN JFA
108	0 C A M P E 0 N A T 0 AMAPAENSE S U B · 2 0
108530	Reserve Action
109	SLIB 0
109134	ALL-STAR GAME
109135	凵 GAPOKAL BUNDES LIGA
109201	vanacama NATIONAL LEAGUE
109202	THE BUILDBASE FATROPHY
109203	过 TA N TA 与 P 0 R T 与
109288	0 TROPHÉE DES CHAMPIONS
11024371	、 丶 Kategoria e Paré FSHF
11024374	、 丶 Kategoria e Paré FSHF
111	FEderacäo dE FutEboI dO Estado dO espirjto Santo
112	* 阝 M 阝
113	CAMPEONATO SUB 19
114	CAMPEONATO MATO GROSSENSE 2022 SU B-20
114502	rB
114506	BOL 〖 亽 / 9 0 SV E R 《 G E
114553	Fo the Game. Fo the World.
114554	Fo the Game. Fo the World.
115065	UPERTACA - ou 曾 就
115424	明 治 安 田 生 命 J2 LEÄGUE
116	UB 2
118	CAMPEONATO RONDONIENSE de F e 0 J ör
119	"NATO OR 厶 和 ENSE C ，
12	bet CHAMPIONSHIP EFL
12015290	凵 GUE 一 I-LL g-0 mobilis
12016011	PREMIER LEAGUE
12017574	CONFEDERATION CUP
12019164	LIGUE
12019218	0 TuniSie
12019393	COUPE DU E
12019395	BOTOLRPRO
12031135	凵 GLJEC)
12034515	、 i' 00
12034576	.GOLANA 为
12040324	l..r»-e;oJ13LÆlJI
12040325	l..r»-e;oJ13LÆlJI
12040326	l..r»-e;oJ13LÆlJI
12040338	LIGUE
12058772	2 BOTOLRPRö
12064107	LIßI!JIE 的 的
12065938	LI 00 的
12066414	LNF
12076263	FEDERATION MALIENNE DE FOOTBAL
12076264	FEDERATION MALIENNE DE FOOTBAL
12078428	StarTlmes Ligue Sénégalaise de F00 旧 訓 Professionnel
12078511	StarTlmes Ligue Sénégalaise de F00 旧 訓 Professionnel
12078512	StarTlmes Ligue Sénégalaise de F00 旧 訓 Professionnel
12078838	OTE D'IVOIRE
120798	SPFL TRUST TROPHY
12081948	OTE D'IVOIRE
12081971	L P F Ligue Professionnelle de Football C öte d'lvoire
12081972	L P F Ligue Professionnelle de Football Cåte d'lvoire
12082362	OTE D'IVOIRE
12084359	Betika! .com NÅÄIONAL SUÄER LEAGUE
120861	—cruijff
12087549	ootball mateur
12087550	ootball mateur
12088503	、 de F06tbaII rofes«onne
12088504	、 de F06tbaII rofes«onne
12093193	FEDERATION MALIENNE DE FOOTBAL
12093194	FEDERATION MALIENNE DE FOOTBAL
12093195	FEDERATION MALIENNE DE FOOTBAL
12093196	FEDERATION MALIENNE DE FOOTBAL
12093197	FEDERATION MALIENNE DE FOOTBAL
12093198	FEDERATION MALIENNE DE FOOTBAL
12093199	FEDERATION MALIENNE DE FOOTBAL
12093200	FEDERATION MALIENNE DE FOOTBAL
12093201	FEDERATION MALIENNE DE FOOTBAL
12093202	FEDERATION MALIENNE DE FOOTBAL
12093205	FEDERATION MALIENNE DE FOOTBAL
12093206	FEDERATION MALIENNE DE FOOTBAL
12093207	FEDERATION MALIENNE DE FOOTBAL
12093297	Ligu e du Centre de FootbaII
121	FTF SUB 19
121092	CLIJB WORLD CUP
122	EN$
126964	CAVPEONATO NACIONAL DIVISÄ@
126966	BOL 〖 亽 / 9 0 SV E R 《 G E
127285	000 C 到 A 言 0 § 河 黨 以 旦 长
127287	s i a n S p e r C
127299	CHAMPIONS LEAGUE TotalEnergies
129121	E 5 T E N KAKKONEN
129122	E S T E N KAKKONEN
129123	SUOMEN P 廴 LO 廴 仃 0
129372	SSe Airtricity LEAGUE 0F IRELAND MENS PREMIER 0 闡 引 ON
129373	SSe Airtricity LEAGUE 0F IRELAND MENS FIRST D 闡 引 0N
129374	SPORTS
129375	MEN'S 丨 CUP SPORTS DIRECT
129386	00 亻 BA 《 乏
129387	0 扒 0
129388	亽 sEN10. 々
129559	F 0 R T U N A 0 1 LIGR
129561	翎 00 的
129562	F 0 R T U N A PUCHRR POLSKI
129645	SuperSport HRVATSKA NOGOMETNA 凵 G
129645alt	SuperSpo
129649	KYTTEAAO EAAAAAE
129650	凵 P 三 闩 I—E 凵 三
129651	少 /
129652	下 0
129985	ISUZU
129986	囫@罚@厕§ CUP
129987	S DRUGA H RVATSKA NOGOMETNA LIGA
129988	S DRUGA H RVATSKA NOGOMETNA LIGA
13	bet LEAGUE ONE
130023	SPORTS DIRECT PREMIERSHIP NORTHERN IRELAND FOOTBALL LEAGUE
130024	PLAYR-FiT TEAMWEAR CHAMPIONSH 《 P 0
130025	到 酽 酽 0 酽
130026	SADLER'S PEAKY BLINDER 》 OO
130027	· （ 0n1 BetMcLean ． L 茫 禹@U 茫 CUP
130028	paddypower.com
130029	NORTHERN IRELAND 沙
1300397	ELITEP
1300398	OBOS LIGAEN
1300580	PHILIPS
1300603	posmord ligaen
1300604	posmord ligaen
1300605	posmord ligaen
1300606	posmord ligaen
1300607	posrnord ligaen
1300608	posrnord ligaen
1300609	posrnord ligaen
1300610	posrnord ligaen
1300886	丰 00 《 DAL 汇
1301385	FA
1301388	EU 0 窆
1301389	- CONMEBOL- COPAAMERICA ÉCUJADO 2024
1301390	匚 A F AFRICA CUP OF NATIONS COT E D'IVOIRE 23
1301393	CUP
1301394	CHAMPIONS LEAGUE@
1301396	EUROPA
1301397	' Cc ， 嚯
1301403	Pro League Supercup
1301404	0 CUP Pro League
1301405	ROYAL BELGIAN FA · 1895
1301408	COUPE DE
1301410	DFB-POKAL
1301411	KNVB beker
1301412	COPPA ITA 凵 A 刁 € C / 芹 000
1301413	COPPA 仃 A 凵 瓜
1301414	SUPERCUP
1301415	L 禹 藺 魚 的 U T
1301419	NM - FOTBALL 〔 lJPen NORGES FOTBALLFORBUNO 丷 FRISK FORSIKRING
1301420	Norsk Ti ppi ng Ligaen
1301421	LS191F 卩 IÄ 轟 即
1301422	COPA
1301423	R F SUPERCOPA 0 @ @ 的 PA 種 A
1301424	1941 0
1301427	匚 豇 孬 乜 00 匚 卵 &EFL
1301428	THE FA COMMUNITY SHIELD
1301429	JOHNS TROPHY EFL
1301432	Fo the Game. Fo the World.
130185	下 00 A 覽 SW
130186	日 | S 日 A N E PREMIER L E A G U E FOOTBALL QUEENSLAND BRISBANE
1302033	． Y LI n @ AI 《
130277	TFF IJL 」 心 I 《 能 0 、 跹 门
130284	Ziraat
130286	SPORTOTO SüperLig
130485	0 XXII KYSO COAPY*ECTBA
130486	0 MLdr-
130488	2 LEON
130489	2 LEON
130490	2 LEON
130491	2 LEON
130492	2 LEON
130494	鼢 0 以
130672	匪 M
130674	/ ' FAW)
130694	0 FONBET KYSOK POCCV1h no OYT60/1V
130906	E ßA
130930	下 R \
130933	匚 FH 中 国
130937	SUPERPUCHRR POLSKI
130968	Copa lnte 「 americana Conmebol - Concacaf
13100123	匚 A F TOTAL AFR ℃ A NATIONS CHAMPIONSHIP
13100131	匚 A F AFRICAN U · 20 CHAMPIONSHIP 。
13100132	匚 A F U · 17 ' AFRICA CUP OF NATIONS
13100157	回 > 孬 到 0 JEUX AFRICAINS AFR ℃ AN GAMES JOGOS F 竄 ℃ NOS EDITI
1310420	NORGE
13104923	COSAFA U20 YOUTH CHAMPIONSHIP
13105499	CECAFA
13105505	CECAFA
13109920	.GOLANA 为
13109925	00
13109926	^ LIGUEI COTE D ， IVOIRE
13109927	L P F Ligue Professionnelle de Football C öte d'lvoire
13109929	00
13110053	/GER
13110054	Title Sponsor
13110090	L P F Ligue Professionnelle de Football C öte d'lvoire
13110091	OTE D'IVOIRE
13113730	MIL$AR CABRAL
13113731	0 卜 、 CUP
13116705	0 JiO i
13117240	DIVISION ONE LEAGUE 0
13117331	LIßI!JIE 的 的
13117695	LIßI!JIE 的 的
13117696	LIßI!JIE 的 的
13117767	匚 A F Tot01Enet9ies U · 23 AFRICA CUP OF NATIONS
131234	PREMIERSHIP
131235	Africa 0 C H A M P 《 O N S H 《 P
131272	African Cu “ of Cup Winners
131273	SUPER CUP
13127845	Cape Town 热 a 加 na 》 丶 CHALLENGE b 0 u 9 h t t 0 y 0 u by t h e C i t y 0 f C a p e T 0 w n
131287	FORTUNA:LIGA
131288	0 0 FOTBALOVA NARODNI LIGA K R 0 K
131306	@0 田 乍 「 丬 0 〕 0 毽 A00 S CUP
13135082	MTN ZAMBIA Title Spo 50r
13135353	SSSOC ZAMBIA
13135368	0 BA RCLAYS CUP
13135373	、 SSOC 、 ZAMBIA
13135374	SSSOC ZAMBIA
13135375	SSSOC ZAMBIA
13135376	、 SSOC 、 ZAMBIA
13135377	SSSOC ZAMBIA
13135378	SSSOC ZAMBIA
13138884	00
13147139	mobilie
13147149	l..r»-e;oJ13LÆlJI
13148019	匚 A F U · 23 AFRICA CUP OF NATIONS
13148135	«øALL 4BUJ»
13153644-49	GYPTIANO
13153644	l..r»-e;oJ13LÆlJI
13153645	l..r»-e;oJ13LÆlJI
13153646	l..r»-e;oJ13LÆlJI
13153647	l..r»-e;oJ13LÆlJI
13153648	l..r»-e;oJ13LÆlJI
13153649	l..r»-e;oJ13LÆlJI
13160886	匚 A F AFR ICAN NA 刊 0 CHAMPIONSHIP TOTAL
13162593	+range LIG UWI 。
13167217	League e 3 · II v e
13170555	Cellcom National eague
13170556	L 《 B E R 《 A
13170558	L 《 B E R 《 A
13171645	L 《 B E R 《 A
13171646	CC 《 忆 on ，
13171647	L 《 B E R 《 A
13172336	MTN MTN E 凵 T E 0 N E
13172337	MTN MTN E 凵 TE TVVO
13172338	LFPC
13172339	LFPC
13172340	FEDERATION MALIENNE DE FOOTBAL
13172341	FEDERATION MALIENNE DE FOOTBAL
13172342	FEDERATION MALIENNE DE FOOTBAL
13172343	S · F.A
13172358	LFPC
13190228	CASTLE PREMIER SOCCER LEAGUE 0
13191166	OC M 引 C
13191167	OC M 引 C
13191378	CONG 下 0F00 飞
13191379	CONG 下 0F00 飞
13191380	CONG 下 0F00 飞
13191470	00 WAFU WEST AFRICAN FOOTBALL UNION
13191471	00 WAFU WEST AFRICAN FOOTBALL UNION
13191657	Ligue Sénégalaise de FootBall Professionnel
13193812	OC M 引 C
13193813	OC M 引 C
13194866	BSSOO ZAMBIA
13194867	BSSOO ZAMBIA
13194868	BSSOO ZAMBIA
13194869	BSSOO ZAMBIA
13205417	003 〔 N 丨 卜 ℃ 《 、 05 02 ．
13205835	LIßI!JIE 的 的
13210665	00
13211602	«øALL 4BUJ»
13211624	a 0 Ligue 1 ChampionnatiNationaI de Football du Bénin
13211626	FBF
13211630	解 《 F NATIONAL FOOT
13211631	1 ％ 2
13211632	1 ％ 2
13211633	GAMBIA F 0 0 T B A L L A S S 0 口 A 到 0 N
13211634	GAMBIA F 0 0 T B A L L A S S 0 口 A 到 0 N
13211635	GAMBIA F 0 0 T B A L L A S S 0 口 A 到 0 N
13211637	R. GUINÉE GUINÉENN€
13211638	R. GUINÉE GUINÉENN€
13211639	BÆTICNG PREMIER LEAGUE
13211640	SportPesa
13211641	FEDERATION
13211642	FEDERATION
13211643	/ER
13211649	矿 0 艦
13211650	下 M F
13211651	下 M F
13211652	AGq 仒
13211653	an CUP
13211654	FOOTBÅW
13211655	SUPER
13211659	btc premiership
13211660	orange CUP
13211661	B FA
13211662	《 onob
13211666	0 BURUNDI
13211667	0 BURUNDI
13211668	匚 F
13211669	匚 F
13211670	匚 F
13211671	R ． C ， A F O O T ． 6 A L L C'
13211672	R ． C ， A F O O T ． 6 A L L C'
13211673	R ． C ， A F O O T ． 6 A L L C'
13211675	乁 CH4f0
13211676	乁 CH4f0
13211681	0 vodacom Ligue1
13211682	ootball Ass0G F E00 FA
13211683	ootball Ass0G F E00 FA
13211684	FEGUIFUT
13211685	FEGUIFUT
13211686	FEGUIFUT
13211687	ERUTREA
13211688	ERUTREA
13211689	ERUTREA
13211690	BetKIng ETHIOPIQN PREMIER LEQGUE 0
13211692	FFRIM
13211693	REGIONAL
13211697	DEBM RINE
13211698	NFA NAMIB IA FOOTBALL AS SOCIATION BHnging People's Game 加 People
13211699	NFA NAMIB IA FOOTBALL AS SOCIATION BHnging People's Game 加 People
13211700	SUPER LIGUE NIGER
13211701	MEN NIGER
13211702	MEN NIGER
13211703	azam
13211706	éMOCR T:CA OE é.PUOUCA SANTOMENSE PRiNCl•'k
13211707	éMOCR T:CA OE é.PUOUCA SANTOMENSE PRiNCl•'k
13211708	éMOCR T:CA OE é.PUOUCA SANTOMENSE PRiNCl•'k
13211709	0 Rc LEAGUE
13211710	S E Y C H E L L E S 刷 E ON
13211711	S E Y C H E L L E S 刷 E ON
13211712	SIERRA L FOOTBALL 員 SSOCi RAISE YOUR 禹
13211713	SIERRA L FOOTBALL 員 SSOCi RAISE YOUR 禹
13211714	SIERRA L FOOTBALL 員 SSOCi RAISE YOUR 禹
13211715	NÅTIONLINK
13211716	SFF
13211717	SFF
13211721	MTN PREMIER LEAGUE
13211722	SINCE 1968
13211723	SINCE 1968
13211724	NBC 《 PREMIER LEAGUE 0
13211726	00 SHIRIKISHO LA MPIRA WA MIGUU TANZANIA
13211727	FTF ` ON TOGO 00Tß
13211728	FTF ` ON TOGO 00Tß
13211729	FTF ` ON TOGO 00Tß
13211730	PBZ Premier League
13211732	0 乁 BA
13211840	FEGUIFUT
13211955	! Tse d on '
13211963	ootball mateur
13212429	匚 F
13212430	匚 F
13212431	匚 F
13212432	匚 F
13212433	匚 F
13212434	匚 F
13212435	匚 F
13212436	匚 F
13212437	匚 F
13212438	匚 F
13212478	匚 F
13212479	匚 F
13212850	FEGAFOOT
13213174	«øALL 4BUJ»
13213179	ootball Ass0G F E00 FA
13213227	FFRIM
13213228	FFRIM
13213419	NFA NAMIB IA FOOTBALL AS SOCIATION BHnging People's Game 加 People
13213841	MEN NIGER
13214091	éMOCR T:CA OE é.PUOUCA SANTOMENSE PRiNCl•'k
13214092	éMOCR T:CA OE é.PUOUCA SANTOMENSE PRiNCl•'k
13214093	éMOCR T:CA OE é.PUOUCA SANTOMENSE PRiNCl•'k
13214094	éMOCR T:CA OE é.PUOUCA SANTOMENSE PRiNCl•'k
13214180	S E Y C H E L L E S 刷 E ON
13214181	S E Y C H E L L E S 刷 E ON
13214387	SINCE 1968
13214820	FTF ` ON TOGO 00Tß
13216151	R. GUINÉE GUINÉENN€
13216278	GAMBIA F 0 0 T B A L L A S S 0 口 A 到 0 N
13217101	CECAFA UCANDA
13217110	S PE
13219623	DIVISION ONE LEAGUE 0
13219624	DIVISION ONE LEAGUE 0
13219625	DIVISION ONE LEAGUE 0
13220908	S · F.A
13220910	0
13221117	SOMALI CUP
13221306	FEGUIFUT
13221307	FEGUIFUT
13221908	0 脯@IJ
13227602	FOOTBÅW
13228859	00 SHIRIKISHO LA MPIRA WA MIGUU TANZANIA
13228864	00 SHIRIKISHO LA MPIRA WA MIGUU TANZANIA
132321	MOZZART SuperLiga
132321alt	M MOZZART 、 0 、 SuperLiga
135362	B.N.
135941	中 国 足 协 杯 CFA CUP YANJING BEER
135942	@萨鑫 河 P 的 P
135973	MX LIGA
135974	丶 B BVA
135976	MEXI]CO
136041	F 0 R T U N A sk. A
136048	0 LFA
136408	可 Lte 吧 女 女 FA CUP
136409	2009
136411	K• LEAGUE
136414	adidas is in adldas \ 200
136499	， LAV KUP*
136513	CIadAfrIica C H A M P | 0 N S H | P
136514	CIadAfrIica C H A M P | 0 N S H | P
136515	e 《 0 0
136517	《 kom 0
136519	LEAGUE
136543	ADM 《 RAL B U N D E S 凵 GA 0
136544	ADM 《 RAL 2 ． 凵 GA 0
136545	· •MobiIe•
136547	UNIQA OFB CUP
137889	CREDT S 斟 s 、 Su per League
137890	101ChalIenge d i e c i League
137892	SCHWEIZER CUP
14	bet LEAGUE TWO
1400399	LEGA Z 孬 0 描 LE DILETTANTI ROMA T, L 孬 磊
1400400	FIGC LEGA NAZIONALE DILETTANTI 虫 0 S £ 烈 芒 0
1400401	FIGC LEGA NAZIONALE DILETTANTI 虫 0 SERIE 0
1400402	FIGC LEGA NAZIONALE DILETTANTI 虫 0 S £ 烈 芒 0
1400403	FIGC LEGA NAZIONALE DILETTANTI 虫 0 S £ 烈 芒 0
1400404	FIGC LEGA NAZIONALE DILETTANTI 虫 0 S £ 烈 芒 0
1400405	FIGC LEGA NAZIONALE DILETTANTI 虫 0 S £ 烈 芒 0
1400406	FIGC LEGA NAZIONALE DILETTANTI 虫 0 S £ 烈 芒 0
1400407	FIGC LEGA NAZIONALE DILETTANTI 虫 0 S £ 烈 芒 0
1400408	FIGC LEGA NAZIONALE DILETTANTI 虫 0 S £ 烈 芒 0
14037262	PRIMERA D Befol ANTI•INFLAMATORIO
14063636	SUPERCOPA 色 0 的 河 刂 过
14244125	28 de
14244129	」 GA TUCUMANA DE FUTBOL
14244131	LPF
14244132	L.R.P
14244135	LIGA RAFAELINA DE FÜTBOL
14244136	L.R.F.R.C.
14244137	L D D 0
14244140	FUTBOL
14244141	L'CH•R
145236	COSAFA CUP 0
145428	posrnord · ligaen
145429	SE | E C
145430	SE | E C
145431	BOL 〖 亽 / 9 0 SV E R 《 G E
145435	鼢 0 以
145438	0 NA 铲
145450	丁 E N KAKKONEN
145509	GOLD CUP
146829	CBF
146830	CBF
146958	CUP
146961	ROYAL BELGIAN FA · 1895
147006	PBHJA
147023	PLAYR-FiT TEAMWEAR PREMIERINTERMEDIATE
147027	PBHJA
147028	KUP CRNE GQ 过 0
147031	鼢 0 以
147032	4 ran 7 匚 A F COUPE D ， AFRIQUE DES NATIONS
148289	vodacom cHALLENGE
149216	MEMKIIOHAT
149558	LEAGUE THE O FC CHAM PIONS LEAGUE
15004635	丰 00 《 DAL 汇
15007722	鼬@颼百 閌
15020803	下 00 A 覽 SW
15021571	F@@TBALL SOUTH AUSTRALIA
15021579	F@@TBALL SOUTH AUSTRALIA
15022116	MEN'S STATE LEAGUE FaDT BALL
15022468	MEN'S STATE LEAGUE FaDT BALL
15025400	PREMIER LEAGUE
15041741	能 0 巛 TH
15041771	0 L LEACUZ QUEENSLAND
15042155	鼬@颼百 閌
15044448	FOOTBALL ASSOCIATION
15045003	00u 酉
15045004	00u 酉
15045005	VILIC LAW 日 R 丨 S 日 E CAPITAL 一 E A G U
15045546	下 00 A 覽 SW
15045547	下 00 A 覽 SW
15047997	00u 酉
15049346	下贋冂@硭0卩。 。 0 置 上動\@《涯g
15052001	MEN' S STATE LEAGUE FOOTBALL
15052002	MEN' S STATE LEAGUE FOOTBALL
15052003	MEN'S STATE LEAGUE FOOTBALL
15052004	MEN'S STATE LEAGUE FOOTBALL
15053067	cdmmitrüt Proudly Supporting Sunshine Coast Football
15053086	VILIC LAW 日 R 丨 S 日 A N E CAPITA
15053095	VILIC LAW 日 R 丨 S 日 A N E CAPITAL
15053098	V VETO CiTY L E A G U E
15053102	FOOTIBALL
15053174	00r 心 a e Bay
15053550	后 00 ！ 」 ． 凿 蒸 的 丛
15053810	FOOTIBALL
15054401	MEN'S STATE LEAGUE FaDT BALL
15054402	MEN' S STATE LEAGUE FOOTBALL
15054403	MEN'S STATE LEAGUE FOOTBALL
15054404	下贋冂@硭0卩。 。 0 置 上動\@《涯g
15054405	STÅTE LEÅGUES
15056055	MEN' S STATE LEAGUE FOOTBALL
15058650	CCER
15058935	0 NA 蒯 ON 鑫 也 M ] [l[<[kR 旧 《 U
15058936	0 NA 蒯 ON 鑫 也 M ] [l[<[kR 旧 《 U
15059440	PHILIPS
15059441	PHILIPS
15060240	LEA
15062863	MEN'S STATE LEAGUE FaDT BALL
15063497	MEN'S STATE LEAGUE FOOTBALL
15063498	MEN'S STATE LEAGUE FOOTBALL
15063499	MEN'S STATE LEAGUE FOOTBALL
15063500	MEN'S STATE LEAGUE FOOTBALL
15063501	MEN'S STATE LEAGUE FOOTBALL
15063502	MEN'S STATE LEAGUE FOOTBALL
15063503	MEN'S STATE LEAGUE FOOTBALL
15063504	MEN'S STATE LEAGUE FOOTBALL
15063505	MEN'S STATE LEAGUE FOOTBALL
15063506	MEN'S STATE LEAGUE FOOTBALL
15063628	厶 仍 ， 0 疒 FOOTBA" ASSOCIATION
15066129	C R A N E S
15066133	Asean FootbaII Federation (AFF) U19 CHAMPIONSHIP
15073100	「 0 0 T B A L L GOLD COAST
15077565	00u 酉
150783	TM UNDER21
150784	TM UNDER21
150786	UNDER-19
150787	UNDER-19 PIONSHIP
150794	彳 OU DEO 《 888 BA LL
150795	彳 OU DEO 《 888 BA LL
15083847	FOPL
15088302	0 气 A的@壭魚生 0 过 颼 飞鼻@的 CAPWTAL 了 OOTB ^ 趾
15090908	MEN'S STATE LEAGUE FOOTBALL
15090961	下 00 A 覽 SW
150913	LIG 磊
150914	伊 p
150915	O 四 SA 889 ·
150991	AJian F00 化 a 〗 Confederation
151986	OF 闩 《 9 0
151987	四 0 NORTHERN IRELAND 沙
152045	merkantilbank
152046	． Etta n F O T B O L L D | V 《 S 《 O N 1
152048	HOOFD KLASSE
156003	OF 闩 《 9 0
157149	UNDER-20 ． CHAMPIONSHI
157155	LIG 磊 3
157425	0 BetPIay DIMAYOR
158186	0 0 0 ` 0
16	0 凵 C U E 1 ldber Eats
16000149	0 F B 《 9 0
16000661	WFV
16000662	0 Fußballverband
16000663	OÖIFUSSBALL VERBAND
16000664	FUSSB4((v 1921
16031334	2 · 凵 GA 0
16031335	2 · 凵 GA 0
16031336	2 · 凵 GA 0
16031483	WFV
16031547	2 · 凵 GA 0
16031548	2 · 凵 GA 0
16032038	WFV
16032039	WFV
16033131	5 V SALZBURGER FUSSBALLVERBAND
16033139	0 F B 《 9 0
16033140	0 F B 《 9 0
16033141	0 F B 《 9 0
16033142	0 F B 《 9 0
16033143	0 F B 《 9 0
16033145	0 F B 《 9 0
16033146	0 F B 《 9 0
16033147	0 F B 《 9 0
16033148	0 F B 《 9 0
16035500	0 F B 《 9 0
16036165	WFV
16036166	WFV
16036167	0 Fußballverband
16036168	0 Fußballverband
16036190	FUSSB4((v 1921
16036191	FUSSB4((v 1921
16051062	0 F B 《 9 0
16051697	WFV
16053609	女 女 女 賣 女 賣 E R S T E K L A E ' N 0 R D
16053612	ERSTE K L A E S U D
16057917	女 女 女 賣 女 賣 Z 闪 E | T E 凵 G A S U D
16057918	女 女 女 賣 女 賣 Z 闪 E | T E 凵 G A N 0 R D
16057919	女 女 女 賣 女 賣 S A L Z 凵 G A
16057920	ERSTE ， 凵 G A
16068262	0 F B 《 9 0
16068284	WFV
16068285	WFV
16068286	WFV
16068287	WFV
16068288	WFV
16068289	0 Fußballverband
16068290	0 Fußballverband
16068291	0 Fußballverband
16068292	0 Fußballverband
16068293	0 Fußballverband
16068294	0 Fußballverband
16068295	0 Fußballverband
16068296	0 Fußballverband
16068297	0 Fußballverband
16068298	0 Fußballverband
16068299	0 Fußballverband
16068300	0 Fußballverband
16068301	0 Fußballverband
16068302	0 Fußballverband
16068303	0 Fußballverband
16068304	0 Fußballverband
16068305	0 Fußballverband
16068306	0 Fußballverband
16068307	0 Fußballverband
16068308	0 Fußballverband
16068309	0 Fußballverband
16068310	0 Fußballverband
16068311	0 Fußballverband
16068312	0 Fußballverband
16068313	0 Fußballverband
16068314	0 Fußballverband
16068315	0 Fußballverband
16068316	0 Fußballverband
16068317	0 Fußballverband
16068318	0 Fußballverband
16068319	0 Fußballverband
16068320	0 Fußballverband
16068321	0 Fußballverband
16068345	0 F B 《 9 0
16068346	女 女 女 賣 女 賣 Z 闪 E | T E K L A E N 0 R D
16068347	女 女 女 賣 女 賣 Z 闪 E | T E K L A E N 0 R D 0 0
16068348	Z E 丨 T E KLA E S U D
16068349	FUSSB4((v 1921
16068408	ADM 《 RAL 00 LANDESCLJP 广 0 丶
16068409	尤 “ 然 CUP
16068410	《 R O L CLJ
16068412	Villacher Bier KFV-Cup
16068413	/CHAMPION STEIRER ,•CUP
16068414	NÖ FuBbauverband ADMNRAL SPORTWETTEN NO-Cup
16068415	0 F B 《 9 0
16068416	0 F B 《 9 0
16068417	0 F B 《 9 0
16068418	0 F B 《 9 0
16068419	00B J G 0
16069630	B F 圹
16069671	OÖIFUSSBALL VERBAND
16069672	OÖIFUSSBALL VERBAND
16082228	0 Fußballverband
16082229	0 Fußballverband
16089909	0 Fußballverband
16102134	0 F B 《 9 0
16102270	NÖ 、
16102308	0 Fußballverband
16102759	0 F B 《 9 0
16151325	FUSSBALLCUP
16154765	WFV
16154861	WFV
16154862	WFV
16154863	WFV
16154864	WFV
16154865	WFV
16154866	WFV
16171639	WFV
16190468	WFV
16192449	0 F B 《 9 0
16215027	FUSSB4((v 1921
16216074	FUSSB4((v 1921
16216172	FUSSB4((v 1921
16216267	FUSSB4((v 1921
16216268	FUSSB4((v 1921
16216495	FUSSB4((v 1921
16216496	FUSSB4((v 1921
16216741	FUSSB4((v 1921
16216742	FUSSB4((v 1921
16216971	FUSSB4((v 1921
16224597	0 Fußballverband
16234008	0 Fußballverband
16234009	WFV
16234010	WFV
16234011	WFV
16234012	WFV
16234322	0 Fußballverband
16234385	WFV
16234418	WFV
16234450	WFV
16234451	WFV
16234501	WFV
16234502	WFV
16234560	WFV
16234561	WFV
16234668	000 JUGEND RegionaIIiga
16234717	0 F B 《 9 0
16234718	0 F B 《 9 0
16235477	FUSSB4((v 1921
16235505	FUSSB4((v 1921
16235506	FUSSB4((v 1921
16235558	FUSSB4((v 1921
16235559	FUSSB4((v 1921
16235606	FUSSB4((v 1921
16236363	0 Fußballverband
16236364	0 Fußballverband
16236420	0 Fußballverband
16236421	0 Fußballverband
16236422	0 Fußballverband
16236423	0 Fußballverband
16236533	0 Fußballverband
16236534	0 Fußballverband
16236535	0 Fußballverband
16236536	0 Fußballverband
16236537	0 Fußballverband
16236538	0 Fußballverband
16236539	0 Fußballverband
16236540	0 Fußballverband
16236767	0 Fußballverband
16236768	0 Fußballverband
16236769	0 Fußballverband
16236770	0 Fußballverband
16236771	0 Fußballverband
16236772	0 Fußballverband
16236773	0 Fußballverband
16236774	0 Fußballverband
16236775	0 Fußballverband
16236776	0 Fußballverband
16236777	0 Fußballverband
16236778	0 Fußballverband
16236779	0 Fußballverband
16236780	0 Fußballverband
16236781	0 Fußballverband
16236782	0 Fußballverband
16236783	0 Fußballverband
16236784	0 Fußballverband
162380	CARLING 多 R/üIC2NS 0 咿
162435	FRF
162450	&st 2005
162451	SAIB EGYPTIAN SUPER CUP
162504	2 LIGR eWlnner
16251692	0 Fußballverband
16264392	REGIONALLIGAWest
16264393	REGIONALLIGAWest
16264419	REGIONALLIGAWest
16267558	0 F B 《 9 0
16267560	0 F B 《 9 0
16267606	0 F B 《 9 0
16267625	0 F B 《 9 0
16267643	0 F B 《 9 0
16267660	0 F B 《 9 0
16267662	0 F B 《 9 0
16302524	tt.COn Li GA
16302525	FUSSB4((v 1921
16310451	0 Fußballverband
16310464	0 Fußballverband
16310473	0 Fußballverband
16310481	0 Fußballverband
16310492	0 Fußballverband
16310615	0 Fußballverband
16310621	0 Fußballverband
16310677	0 Fußballverband
16310727	0 Fußballverband
16310728	0 Fußballverband
16310876	0 Fußballverband
16310877	0 Fußballverband
16310878	0 Fußballverband
16310879	0 Fußballverband
16310914	0 Fußballverband
16310935	0 Fußballverband
16311282	0 Fußballverband
16312585	0 Fußballverband
16312586	0 Fußballverband
16312663	0 Fußballverband
16312689	0 Fußballverband
16312734	0 Fußballverband
16313200	0 Fußballverband
16313212	0 Fußballverband
16313230	0 Fußballverband
16313257	0 Fußballverband
16313300	0 Fußballverband
16313366	0 Fußballverband
16313381	0 Fußballverband
16313635	0 Fußballverband
16313673	0 Fußballverband
16313689	0 Fußballverband
16313709	0 Fußballverband
16313743	0 Fußballverband
16314228	0 Fußballverband
16314325	0 Fußballverband
16314326	0 Fußballverband
16314455	0 Fußballverband
16314669	0 Fußballverband
16314670	0 Fußballverband
16315140	0 Fußballverband
16315141	0 Fußballverband
16315142	0 Fußballverband
16315247	0 Fußballverband
16315341	0 Fußballverband
16315342	0 Fußballverband
16315343	0 Fußballverband
16315437	0 Fußballverband
16315438	0 Fußballverband
16315439	0 Fußballverband
16315440	0 Fußballverband
16315441	0 Fußballverband
16315442	0 Fußballverband
16315443	0 Fußballverband
16315444	0 Fußballverband
16315768	0 Fußballverband
16315769	0 Fußballverband
16315770	0 Fußballverband
16315771	0 Fußballverband
16315772	0 Fußballverband
16315970	0 Fußballverband
16316199	0 Fußballverband
16316200	0 Fußballverband
16316266	0 Fußballverband
16316296	0 Fußballverband
16316849	0 Fußballverband
16316850	0 Fußballverband
16316851	0 Fußballverband
16316852	0 Fußballverband
16316853	0 Fußballverband
16316854	0 Fußballverband
16316944	0 Fußballverband
16316945	0 Fußballverband
16316946	0 Fußballverband
16316947	0 Fußballverband
16316948	0 Fußballverband
16316949	0 Fußballverband
16316950	0 Fußballverband
16316951	0 Fußballverband
16316952	0 Fußballverband
16316953	0 Fußballverband
16316954	0 Fußballverband
16316955	0 Fußballverband
16316956	0 Fußballverband
16316957	0 Fußballverband
16316958	0 Fußballverband
16317138	0 Fußballverband
16317139	0 Fußballverband
16317140	0 Fußballverband
16317141	0 Fußballverband
16317214	0 Fußballverband
16317228	0 Fußballverband
16317266	0 Fußballverband
16317287	0 Fußballverband
16317381	0 Fußballverband
16317402	0 Fußballverband
16317403	0 Fußballverband
16317404	0 Fußballverband
16317405	0 Fußballverband
16317433	0 Fußballverband
16317434	0 Fußballverband
16317435	0 Fußballverband
16317436	0 Fußballverband
16317437	0 Fußballverband
16317438	0 Fußballverband
16317439	0 Fußballverband
16317440	0 Fußballverband
16317441	0 Fußballverband
16317442	0 Fußballverband
16325006	WFV
16325692	0 Fußballverband
164021	League TWO
164022	League TWO
164023	League TWO
164024	League TWO
164025	League TWO
164026	League TWO
164027	League TWO
164028	League TWO
167279	匚 A F AFRICAN U · 20 CHAMPIONSHIP 。
167768	TO P KLASSE
17	0 LICUE 2
1701138	2 DIVISION 0 ST
17011389	0 0 00 的 0 的
1701139	2 DIVISION VEST
1701195	O 四 SA 889 ·
17012177	CY11EPKY6AK 6EnAPYCl nA 0yT60 E
1702406	O 四 SA 889 ·
18	了 IONA 《
1802928	cnzn
18051439	ROYAL BELGIAN FA · 1895
18054139	ROYAL BELGIAN FA · 1895
18097863	a@0螄
18097866	a@0螄
18097867	a@0螄
18103045	ROYAL BELGIAN FA ． 1895
18103046	ROYAL BELGIAN FA ． 1895
18103047	ROYAL BELGIAN FA ． 1895
18103052	ROYAL BELGIAN FA ． 1895
18104685	ROYAL BELGIAN FA ． 1895
18104694	ROYAL BELGIAN FA ． 1895
18111376	B R A B A N T LCLAPB （ 0 8
19	NATIONAL2
1900171	s0CCER LEAGUE
1900173	opEN CANADA CANADA CUP
1900708	四 0 NORTHERN IRELAND 沙
1900712	到 酽 酽 0 酽
1900713	到 酽 酽 0 酽
19102111	CBF
19127222	CBF
19127225	CBF
19127365	1 ． S 鱸 0 ，
19138829	“ C B0 卜
19138853	“ C B0 卜
19139004	“ C B0 卜
19139013	“ C B0 卜
19141470	CBF
19143901	CBF
19143916	C 0 PA PAULISTA
19145350	CBF
19145360	· COPA INTERNACIONAL 列 ' ra ” ga SUB 20
19145477	“ C B0 卜
19157267	CBF
19157275	CBF
19157292	CBF
19157295	CBF
19157300	厠 FPF SU 陟 23
19157301	SRNTR 〔 R R 〗
19157322	CBF
19157723	copinha
19158846	“ C 佩 M 0 卜 LIBERTADORES SUBZC
19164238	Santiago 2@23 Juegos PanAm 《 ParapanAm
19164481	F P F
19166136	ASOCJACI()N
19168653	穒 賣
19170754	CBF
19187651	COI* d0 BRAS 」 上 SUB-20
19188821	“ C B0 卜
19190820	UNAFUT UM SOLO CO 狩 AZ 孬
19192330	“ C B0 卜
19219045	OE FUTE&O FFP 25 ． 11 19
19222809	COPA VERDE
19272696	CBF
19275395	FMF
19308455	0
19360383	“ CONMEBOL-
19360837	Jvegos Suramericcnos Asuncién 2022
19372402	B R E D BANK VANUATU
19373297	CBF
19373299	（ OP 咼 DO NORDESTE SUB-20
19408863	TACADASFAVB-.AS
2	〗 ChaIIenger Pro League
20	Le 广 刁 纪 多
2000003340	OGOMETNI SAVEZ USK
2000003348	DRUGA LIGA FEDERACIJE BiH ” ZAPAD"
2000003600	FEGUIFUT
2000003885	MAYOTTE
2000003886	MAYOTTE
2000003898	PAYS D E LA L 0 《 R E
2000003900	PAYS D E LA L 0 《 R E
2000003902	LURA F 0 0 t
2000003903	LURA F 0 0 t
2000003904	凵 GUE CORSE DE FOOTBALL FÉOÉRATION FRANCAISE OE FOOTBALL
2000003906	LFO
2000003907	LFO
2000003908	LFO
2000003909	丶 “ LiGUE DE DE FOOTBALL
2000003910	丶 “ LiGUE DE DE FOOTBALL
2000003914	LI G LJ E G RAN 0 EST
2000003916	LI G LJ E G RAN 0 EST
2000003917	LI G LJ E G RAN 0 EST
2000003918	LIGUE CENTRE VA L D E LOIRE F F
2000003919	LIGUE DE FOOTBALL DES HAUTS DE FRANCE 「 王 F
2000003920	LIGUE DE FOOTBALL DES HAUTS DE FRANCE 「 王 F
2000003922	7 NORMÄNDiE
2000003923	7 NORMÄNDiE
2000003925	UR 《 0 的 刘 《 0 0 阱 一 的 00 庐
2000003926	UR 《 0 的 刘 《 0 0 阱 一 的 00 庐
2000003996	,.AAlTIENNe Est. 1904
2000004164	DRUGA LIGA FEDERACIJE BiH „CENTAR'€
2000004165	DRUGA LIGA FEDERACIJE BiH „JUG"
2000004166	DRUGA LIGA FEDERACIJE BiH „SJEVER"
2000004167	APYA 刀 努 厂 々 MCTOK
2000004168	APTA m ： tel
2000004370	0
2000004477	L.D.F.C.
2000004479	PAND 0
2000004855	MAYOTTE
2000005213	下 0
2000005214	下 0
2000005220	、 KQN 0 勿 7 9 21 ．
2000005221	、 KQN 0 勿 7 9 21 ．
2000005222	、 KQN 0 勿 7 9 21 ．
2000005225	且 乏
2000005261	亻 臼 0 1968
2000005292	1939
2000005293	XANIA 、 1950 ·
2000005294	」 0
2000005318	0 粼 № E.n.t.AN.A. 00
2000005319	00 0 £ 0
2000005352	生 EBPO
2000005353	四 00 NORTHERN IRELAND 》
2000005369	ENQEH IIOAOEØAIPIKQN )QMATEIQN 巾 QKIAAE 19 8 4
2000005372	øiQTI 1951
2000005382	ON 芝 0 勿 匚 ， 「 PEBENA 19 82
2000005400	0
2000005404	0
2000005440	KAETOPIAE 心 《 Aé E 夻 厂 到 7 又
2000005442	多 OM 铲 仒 /
2000005475	KE P 7 9 5 2
2000005495	3 ． NL CENTAR
2000005502	“ 0 妇 ] TttT ， 10 ；
2000005507	QN № 勿 0 1946 0
2000005508	1957
2000005539	E.n.E. ^ E B 0 Y 0
2000005540	E.n.E. ^ E B 0 Y MYTIAHNH 1948
2000005541	E.n.E. ^ E B 0 Y MYTIAHNH 1948
2000005566	。 1924 。
2000005581	1929
2000005595	ZNS H 0
2000005596	ZNS
2000005598	《 lldbal 、 l,i 、 “ NV
2000005600	ORASJE
2000005601	PFÆ1y
2000005602	PFÆ1y
2000005603	PFÆ1y
2000005604	PFÆ1y
2000005606	PFÆ1y
2000005624	0 4971
2000005643	TIPEBEZAE-AEYKAAAE 1981
2000005647	灬 品 心 俨 1946
2000005648	MO 厶 1951
2000005650	E.n.E. @EEIIPQTIAE 798N
2000005651	QN 0 勿 1929
2000005652	E.n.E. OPAKHE 1928
2000005653	ENQEH nOAOE@AlPlKQN ZQMATEIQN NOMOY TPIKAAQN
2000005658	1973
2000005666	Z 簋 Y 00Y 87
2000006217	LHF
2000006311	SINCE 2m8
2000006312	SINCE 2m8
2000006871	.GOLANA 为
2000009383	E.n.E.N. AAPIEAE 1 9 6 0
2000013103	MLS 25
2000015109	COPA 00 的 00 Ecuabet 庵 CO
2000015110	SUPERCOPA
2000015908	MALDONADO
2000015975	F P F
2000016278	OC / x•44ERCEDES---"
2000016282	L. P. de F.
2000016284	DOLORES
2000016724	•.• 22 ． 01 ． 1922
2000016919	0
2000017067	么 LIGR
2000017075	一 LlßRI 翊 00
2000017076	一 LlßRI 翊 00
2000017077	L 《 、 G A BAL@M P 《 《 MEXICANO
2000017168	《 00 的 到 目 00
2000017538	3 MAKEAOHCKA 0 ^ 「 A
2000017539	3 MAKEAOHCKA 0 ^ 「 A
2000017540	3 MAKEAOHCKA 0 ^ 「 A
2000017541	3 MAKEAOHCKA 0 ^ 「 A
2000017542	3 MAKEAOHCKA 0 ^ 「 A
2000017543	3 MAKEAOHCKA 0 ^ 「 A
2000017544	3 MAKEAOHCKA 0 ^ 「 A
2000018085	owi
2000018556	iOHOLlECKaq 巾 YT60 冂 bHa 月 「 a
2000019552	下 0
2000019553	下 0
2000019650	CAMPEONATO DE FUTEBOL DOS ACORES Associacöes de Futebo 《 d OS Acores
2000019816	QN № 勿 0 1946 0
2000019817	QN № 勿 0 1946 0
2000020089	〔 SS 齲 二
2000020138	形 S 0 00
2000020140	0 《 00 门 ed 200
2000020175	Thurlow Nunn League EASTERN COUNTIES FOOTBALL LEAGUE
2000020176	Thurlow Nunn League EASTERN COUNTIES FOOTBALL LEAGUE
2000020177	FOUNDED 1953
2000020178	FOUNDED 1953
2000020180	North West Counties 0 FootbaII League 0
2000020181	North West Counties 0 FootbaII League 0 & 〗 0 》 丿 丿 乁 0 文 的 蒜
2000020182	OOTBAW T()()LSTATI()N
2000020183	甴 £ b NORTHERN L E A G U E FOUNDED 1889
2000020187	Southcrn Countics East FootbaIl Lcaguc
2000020188	sOUTH/l,1 79 91
2000020189	UNITED COUNTIES
2000020190	却 0E0 、
2000020191	A 凵
2000020192	LEAG U D
2000020346	SINCE 1968
2000020448	WOSFL V 訂 OF SCOTLANO FOOT8ALL LEAGUE
2000020449	WOSFL V 訂 OF SCOTLANO FOOT8ALL LEAGUE
2000020450	WOSFL V 訂 OF SCOTLANO FOOT8ALL LEAGUE
2000020451	WOSFL V 訂 OF SCOTLANO FOOT8ALL LEAGUE
2000021475	0
2000021476	0
2000021600	SVPERCOPA
2000022969	LURA F 0 0 t
2000023148	UR 《 0 的 刘 《 0 0 阱 一 的 00 庐
2000023271	LI G LJ E G RAN 0 EST
2000023347	LIGUE DE FOOTBALL DES HAUTS DE FRANCE 「 王 F
2000023453	OF 闩 《 9 0
2000023772	LiGUE DE ZRETAG DE OOTB 磊 廴 廴
2000024332	es
2000024334	es
2000026310	、 LEDO /
2000026311	VINVERNESS 。 TROPHY CENTRE
2000026313	l€:velllil(]
2000026314	Mornson Motors TURRIFF ABERDEENSHIRE SHIELD
2000026315	Patt,iunro North of ScotIand CUP
2000026809	一 凸
2000026811	一 凸
2000027226	N E W FA
2000027253	0 的 出 0 0 京 1 村@ 0 0 a 《 以 自 L ENVIC 0 的 SW
2000027254	LOCK STOCK SELF STORAGE
2000027261	LOCK STOCK SELF STORAGE
2000027299	M 0 R R 巧 M 众 R S H A L L & P 0 0 L E •mmnorman lloyd
2000027300	M 0 R R 巧 M 众 R S H A L L & P 0 0 L E •mmnorman lloyd
2000027893	弋訃0 、 tinian F00 伤
2000027925	弋訃0 、 tinian F00 伤
2000027929	弋訃0 、 tinian F00 伤
2000027930	弋訃0 、 tinian F00 伤
2000029413	FIGC LEGA NAZIONALE DILETTANTI LND
2000029414	FIGC LEGA NAZIONALE DILETTANTI 0
2000029415	FIGC LEGA NAZIONALE DILETTANTI LAZ ℃
2000029416	FIGC LEGA NAZIONALE DILETTANTI 虫 0 I/G U R\\
2000029417	FIGC LEGA NAZIONALE DILETTANTI 虫 0 I/G U R\\
2000029419	FIGC LEGA NAZIONALE DILETTANTI 巛 0 PUGL\Å
2000029420	FIGC LEGA NAZIONALE DILETTANTI 巛 0 PUGL\Å
2000029422	FIGC LEGA NAZIONALE DILETTANTI 垡 0
2000029423	FIGC LEGA NAZIONALE DILETTANTI 巛 0 RUL
2000029424	FIGC LEGA NAZIONALE DILETTANTI LND
2000029425	FIGC LEGA NAZIONALE DILETTANTI 0
2000029426	FIGC LEGA NAZIONALE DILETTANTI 0
2000029427	FIGC LEGA NAZIONALE DILETTANTI LAZ ℃
2000029428	FIGC LEGA NAZIONALE DILETTANTI 垡 0
2000029432	0 CÅ 羽 p
2000029433	FIGC LEGA NAZIONALE DILETTANTI 0
2000029436	FIGC LEGA NAZIONALE DILETTANTI 垡 0
2000029437	FIGC LEGA NAZIONALE DILETTANTI 垡 0
2000032447	UNDER-19 PIONSHIP
2000032449	UNDER-19 PIONSHIP
2000032450	UNDER-19 PIONSHIP
2000032451	UNDER-19 PIONSHIP
2000032590	UNDER-19 PIONSHIP
2000032598	UNDER-19 PIONSHIP
2000032600	UNDER-19 PIONSHIP
2000032789	R F E F
2000034510	0
2000034511	0
2000034512	0
2000034513	0
2000034514	0
2000034515	FUTeoz
2000034516	FUTeoz
2000034517	FUTeoz
2000034518	FUTeoz
2000034519	FUTeoz
2000034520	FUTeoz
2000034521	FUTeoz
2000037003	WOSFL V 訂 OF SCOTLANO FOOT8ALL LEAGUE
2000037821	LUGANVILLE FOOTBALL ASSOCIATION
2000038017	LUGANVILLE FOOTBALL ASSOCIATION
2000038380	LIGA KUBOGI 2019 O'ZBEKISTON 飞
2000038381	ZBEHISTON HUBOCI
2000038391	j•Jf)SüJn LEAGUE
2000038392	j•Jf)SüJn LEAGUE
2000038393	j•Jf)SüJn LEAGUE
2000038394	j•Jf)SüJn LEAGUE
2000038395	j•Jf)SüJn LEAGUE
2000038398	j•Jf)SüJn LEAGUE
2000038659	GFF
2000041558	GIOVANIL!! 厂
2000041559	GIOVANIL!! 厂
2000042693	下 0
2000043126	0 vodacom Ligue2
2000043354	下 0
2000043360	下 0
2000045308	ISRAEL F 0 0 t b 0 目 A s s 0 c i 0 扫 o n
2000046462	H 0 RI Z 0 N S P R E M 丨 E R S 旧 P
2000046464	TARANAKI P R E M 丨 E R S 汩 P
2000046465	0T 訃
2000046466	甩 的 昼 过
2000047645	cBLDea
2000048814	L.R.F.
2000050094	bKOiO
2000051634	M S ER 伊 MAJOR SOCCER
2000052672	L E ßA
2000053478	FIGC LEGA NAZIONALE DILETTANTI 0
2000055367	CANADIAN
2000057260	PREMIERE LIGUE de soccer du QllébeC COUPE PLSQ
2000059334	FIGC LEGA NAZIONALE DILETTANTI 0
2000059543	Championship
2000059544	Championship
2000059545	Championship
2000059546	Championship
2000059547	Championship
2000059548	Championship
2000059550	Championship
2000059551	Championship
2000060085	FIGC LEGA NAZIONALE DILETTANTI IJMBR\Å
2000064286	VANUATU FOOTBALL FEDERATION V F
2000064287	VANUATU FOOTBALL FEDERATION V F
2000064291	VANUATU FOOTBALL FEDERATION V F
2000064292	VANUATU FOOTBALL FEDERATION V F
2000064294	T0tq
2000064296	SANMA F00 L ASSOCIATION
2000064298	SANMA F00 L ASSOCIATION
2000064416	VANUATU FOOTBALL FEDERATION V F
2000066197	PIayerMatch Cup
2000067054	0 MENEMEN GENCLiX SPOR K 《 是 0e0 01 ：
2000067841	0
2000067842	0
2000072990	0 Fußballverband
2000072991	0 Fußballverband
2000072992	0 Fußballverband
2000072993	0 Fußballverband
2000072994	0 Fußballverband
2000072995	0 Fußballverband
2000072996	0 Fußballverband
2000072997	0 Fußballverband
2000072998	0 Fußballverband
2000073013	FUSSB4((v 1921
2000073014	FUSSB4((v 1921
2000073015	FUSSB4((v 1921
2000073016	FUSSB4((v 1921
2000073329	aus P@KAL
2000073330	TOTO
2000073331	〖 0 $ Y WASCH 《 灿 ESPO 《 《 BERLIN
2000073332	AOK Die Gesundheitskasse. L 0 SPO 鯊 L
2000073333	LOTTO · POKAL LOTTO Bremen
2000073334	《 OTTO 。 Hamburg
2000073335	lt urger Hessenpo a
2000073336	LANDESPOKAL
2000073337	lt urger-Po a
2000073338	0 0 0 0 0 这 业 0 毳 tc 0@黛 甘 沁 PO 《
2000073339	0 NIEDER A H ENP KA
2000073340	FUSSALLVERBAND 緗 0 0 Bit urger Rheinlan po a
2000073341	PokaI
2000073342	POKA L SACHSEN
2000073344	的 PO 鯊 《
2000073345	晉 AL
2000073346	lt urger Verban SPO a
2000073347	östr 峋 THÜRINGEN POKAL
2000073348	0
2000073349	RegiO Baden- Württemberg
2000073653	SEconD DlVlSlOn LEAGUE
2000073654	SEconD DlVlSlOn LEAGUE
2000073725	SAFF 山 丨 J 丨 ,SJ92
2000074243	ENQEH nOAOZ@AlPlKQN EQMATEIQN NOMOY TPIKAAQN
2000074244	ENQEH nOAOE@AlPlKQN ZQMATEIQN NOMOY TPIKAAQN
2000074273	0 4971
2000074274	0 4971
2000075257	Hansa Landes LIGA
2000075259	00 到 0 0 到 到 0
2000075274	\ ND 以 方
2000075275	B E R 凵 N · 凵 G A
2000075277	östr 峋 THURINGEN 凵 GA
2000075278	SACHSEN POKA L
2000075286	FUSSBALLVERBAND
2000075287	S 乁 DE(JR
2000075288	Schröder LIGA SAAR
2000075289	V E R BA N D S 凵 G A
2000075290	V E R BA N D S 凵 G A
2000075291	V E R BA N D S 凵 G A
2000075293	SBFV
2000075414	055B 《 乏
2000075442	USSB 為 奴 少 NHALT
2000075443	USSB 為 奴 少 NHALT
2000075462	fUSSBA((
2000080868	J.LEAGUE YBC tevain CUP / CONMEBOL SUDAMERICANA Championship Final
2000080893	FIGC LEGA NAZIONALE DILETTANTI 虫 0 I/MBR\\
2000080894	FIGC LEGA NAZIONALE DILETTANTI 虫 0 I/MBR\\
2000080917	0 14
2000080918	sOUTH/l,1 79 91
2000080919	FOUNDED 1953
2000080920	Southcrn Counties East Footba ll League
2000080921	NORTHERN L E A G E FOUNDED 1889
2000080922	LEAGUE
2000080923	OTBAL
2000080924	飞 S 卞 0 00 0
2000080925	0 C f 飞
2000080926	Thurlow 、 0002 0 League :ASTERN COUNTIES FOOTBALL LEAGU
2000080928	&DEO 、
2000080929	PIayerMatch om Cup
2000089622	晦 0 一 。 khukri
2000091752	0 丶 0 / 06JIACTHV1 「 PYIIVI
2000092325	0 丶 0 / 06JIACTHV1 「 PYIIVI
2000092419	C@PA FFTL 2 0 2 0
2000092705	N ON SERIE LANDSOMFATTENDE T U R N E R 》 N G FO R GUTTER 19 ÅR
2000092706	N ON SERIE LANDSOMFATTENDE T U R N E R 》 N G FO R GUTTER 19 ÅR
2000092707	N ON SERIE LANDSOMFATTENDE T U R N E R 》 N G FO R GUTTER 19 ÅR
2000092708	N ON SERIE LANDSOMFATTENDE T U R N E R 》 N G FO R GUTTER 19 ÅR
2000092715	NORDMORE 0G ROMSDAL
2000092716	HORDALAND
2000092717	TRONDELAG
2000092718	0S [ 0
2000093009	F S H F KATEGORIA E TRETE
2000093167	FSHF KATEGORIA E DYTE
2000093168	FSHF KATEGORIA E DYTE
2000094524	n 0 卜
2000094876	凵 G A BetPlay DIMAYOR
2000094972	L R F B U
2000095029	胍 [ 0 删 ND
2000095030	ROGALAND
2000095032	削 D OSTLAND
2000095101	F S H F KATEGORIA E TRETE
2000095103	F S H F KATEGORIA E TRETE
2000095264	L.F.R.E. PANDO
2000095440	SUPERLCOPA JUVENII$FCF
2000095538	AG U
2000095574	PITCtlING PARTNERS WITH 60 冫 S 《 NC E 1968 NORTHERN PREMIER LEAGUE
2000095878	n 0 卜
2000095881	n 0 卜
2000095882	n 0 卜
2000095885	n 0 卜
2000096391	L.R. 只 de C.
2000096806	DE 1974
2000097049	LOWLAND L E A G U E 囗 C U P FERRARI
2000097050	WOSFL WEST OF SCOTLAND FOOTBALL LEAGUE
2000097052	SPO 「 t lns lr SCOITISH YOUTH FA CUP
2000097099	* 9 6 *
2000097109	L.DuF.Fu
2000097284	FOUNDED 1953
2000097483	L.M.F.L.
2000098627	L. D. F. P. PAY$ANDU 0 · OC•C
2000098630	GUICHO
2000098779	L.D.F.R.N.
2000098780	ASOCIACION DE FUTBOL DE YOUNG
2000099705	EAST O F S C O T LA N D F O O T B A L L L E A G U E
2000099706	EAST O F S C O T LA N D F O O T B A L L L E A G U E
2000100421	舡 0 · ERA
2000100574	諑 ， 以 萨 协
2000100870	ASCENSO NACIONAL RUMBO A PR
2000100872	AFC
2000100874	A.EA
2000101095	BARCLAYS WOMEN ， S SUPER LEAGUE
2000101110	A.F.N.A.
2000101312	ftGC LEGA 众 Z 《 0 ， 还 DlLErrAMTl 0
2000102082	SELF STORAGE ARDAL NORTHERN LEAGUE CUP
2000102644	ØPRO
2000103320	3 MAKEAOHCKA 0 ^ 「 A
2000103321	3 MAKEAOHCKA 0 ^ 「 A
2000103322	3 MAKEAOHCKA 0 ^ 「 A
2000103323	3 MAKEAOHCKA 0 ^ 「 A
2000103325	3 MAKEAOHCKA 0 ^ 「 A
2000103327	3 MAKEAOHCKA 0 ^ 「 A
2000103360	3 MAKEAOHCKA 0 ^ 「 A
2000104662	0 NIEDER A H ENP KA
2000105272	TORNEO BetPIay DIMAYOR
2000106796	0 Fußballverband
2000106797	0 Fußballverband
2000106798	0 Fußballverband
2000107193	BARCLAYS C WOMEN ， s CHAMPIONSHIP
2000108354	UNITED COUNTIES
2000108355	UNITED COUNTIES
2000109603	F 0 0 T B A L L
2000110213	形 S 0 00
2000110214	形 S 0 00
2000112148	FIGC LEGA NAZIONALE D!LETTANTI 巛 0 I/G U
2000112232	F P F
2000112233	F P F
2000112786	' 00M
2000112955	C A M p E 0 N A T 0 URUGUAYO SEGUNDA DIVISIÖN AMATEUR
2000113980	就 到 《 0 一 0 到 目 舌 0 § 0 0 0 00 L00 紉 ue
2000113982	就 到 《 0 一 0 到 目 舌 0 § 0 0 0 00 L00 紉 ue
2000113983	就 到 《 0 一 0 到 目 舌 0 § 0 0 0 00 L00 紉 ue
2000114482	FIGC LEGA NAZIONALE DILETTANTI 巛 0
2000114483	FIGC LEGA NAZIONALE DILETTANTI 巛 0
2000115594	0 辑 到
2000116068	FtCC LEGA NAZICNALE Dlt.EXTANTI LND 身 EG
2000116606	FIGC L 跖 焱 N Z 《 0 LE DILETTANTI 巛 0 VENEIO
2000116607	FIGC LEGA N 众 Z 《 0 LE DILETTANTI 巛 0 VENEIO
2000116609	FIGC L 跖 焱 N Z 《 0 LE DILETTANTI 巛 0 VENEIO
2000117122	0 ， PROVIDERc 嚯 GATALINA, 驴
2000117798	FIGC L 跖 焱 N Z 《 0 LE DILETTANTI 巛 0 VENEIO
2000119015	0 夕 NEL 仆
2000119018	0 夕 NEL 仆
2000120613	SAFF 山 丨 J 丨 ,SJ92
2000120614	SAFF 山 丨 J 丨 ,SJ92
2000120615	SAFF 山 丨 J 丨 ,SJ92
2000120616	SAFF 山 丨 J 丨 ,SJ92
2000120899	KPAC H OAAPC KAR KPAE BA* @YTSOJIA
2000124527	一 凹 n 己 岂 b ö d C) 3 0 (T) b 0 CO 3 5 忑 四 0 6 6 3 0 CO 5 0
2000124528	一 凹 n 己 岂 b ö d C) 3 0 (T) b 0 CO 3 5 忑 四 0 6 6 3 0 CO 5 0
2000126063	1929
2000126065	1929
2000132415	premier League
2000132563	NWSL
2000133507	／ 0 寸 7924
2000141740	0 & A LEAC
2000142101	League e 3 · II v e
2000142102	League e 3 · II v e
2000142103	League e 3 · II v e
2000142104	League e 3 · II v e
2000142105	League e 3 · II v e
2000142106	League e 3 · II v e
2000142107	League e 3 · II v e
2000142108	League e 3 · II v e
2000142109	League e 3 · II v e
2000142110	League e 3 · II v e
2000142111	League e 3 · II v e
2000142112	League e 3 · II v e
2000142113	League e 3 · II v e
2000148543	S 臨
2000149343	TheFA 0 @nt 加 晒 础 Cup
2000150744	LEAGUEI BC CANADA
2000152068	ØPRO
2000152069	ØPRO
2000157475	FINALISSIMA
2000158675	SUPER LEAGUE
2000158962	$UPEQCOPA A G Y
2000158963	ISTHMIAN FOOTBALL LEAGUE
2000158964	形 S 0 00
2000158965	形 S 0 00
2000158969	FOUNDED 1953
2000158970	THE macren CUP
2000158971	ORTH 下 A G U
2000158972	OOTBAW T()()LSTATI()N
2000158973	甴 £ b NORTHERN L E A G U E FOUNDED 1889
2000158975	SINCE 1968
2000158978	Sussex Principal RUR Charity Cup P R | N CI PA L
2000158979	Southcrn Countics East FootbaIl Lcaguc
2000158980	uhlsport UNITED COUNTIES FOOTBALL LEAGUE
2000158981	却 0E0 、
2000158982	LEAG(JD
2000158984	SUPER CUP WINNERS
2000158987	ordshire 0 0 0 County FootbaII League
2000158988	CAMBRIDGESHIRE COUNTY LEAGUE
2000158989	CENTRAL MIOLANDS
2000158990	CENTRAL MIOLANDS
2000158992	€oOTB4((
2000158993	OOTB 20 、 9
2000158994	OOTB 20 、 9
2000158995	1957
2000158998	cOUNry EST. 1968
2000158999	HAMPSHIRE PREMIER FOOTBALL LEAGUE
2000159000	*\0Rco
2000159003	LEICESTERSHIRE L E | C E ST E R S H | R E S E N | 0 R FOOTBALL LEAGUE
2000159004	e F00 亠 0 牖 删 刂 一 刂
2000159005	LCC IZL 20 №
2000159006	f00 Est 1893
2000159007	0 SUSs
2000159009	c_,01-JNrp 0
2000159010	MIDDLESEX COUNTY
2000159012	N RF L
2000159013	northamptonshire C 0 m b i n a t i 0 n
2000159014	€OOTBAQ FOUNDED 1890
2000159015	OT 刊 NA 昴 4 旧 号 § N 丨 0
2000159017	oMASp 夕 f00
2000159018	\ 0 ／ FOUNDED 1983
2000159019	FLOREAT SALOPIA
2000159020	MERSE OOTBÄ
2000159022	sOUTH/l,1 79 91
2000159023	Pirao otb ()a gue
2000159024	Pirao otb ()a gue
2000159025	Ordi
2000159026	ACRO SIL
2000159027	SURREY PREMIER COUNTY FOOTBALL LEAGUE 酬 sh ． 2 闐 8
2000159029	| s92 WEARSI DE LEAGUE
2000159030	CHES&/ · LEBC1
2000159031	卜 9 RE 多 1904 今
2000159032	、 725 YEAßS 一
2000159033	FOOTBALL
2000159034	TS 夕
2000159035	18g1
2000159037	ordshire 0 0 0 County FootbaII League
2000159038	CAMBRIDGESHIRE COUNTY LEAGUE
2000159039	CENTRAL MIOLANDS
2000159040	OOTB 20 、 9
2000159041	1957
2000159042	cOUNry EST. 1968
2000159043	LCC IZL 20 №
2000159044	f00 Est 1893
2000159045	MIDDLESEX COUNTY
2000159046	northamptonshire C 0 m b i n a t i 0 n
2000159047	€OOTBAQ FOUNDED 1890
2000159048	FLOREAT SALOPIA
2000159050	sOUTH/l,1 79 91
2000159051	sOUTH/l,1 79 91
2000159052	sOUTH/l,1 79 91
2000159053	sOUTH/l,1 79 91
2000159054	Pirao otb ()a gue
2000159055	Ordi
2000159056	CHES&/ · LEBC1
2000159057	、 725 YEAßS 一
2000159058	TS 夕
2000159061	\CT FOO>
2000159062	ordshire 0 0 0 County FootbaII League
2000159063	B | R M | N G HA M A N D D | S T R | C FOOTBALL LEAG U E
2000159064	、 ℃ 丫 00
2000159065	.ORTHING
2000159066	廴 心 00 兮
2000159067	00TB4 0 到 ORIST OV
2000159068	CAMBRIDGESHIRE COUNTY LEAGUE
2000159069	CENTRAL MIOLANDS
2000159070	CENTRAL MIOLANDS
2000159071	CENTRAL MIOLANDS
2000159072	€oOTB4((
2000159073	CORNWALL FOOTBALL ASSOCIATION 1889
2000159074	〖 乙 ASSO
2000159076	THE D ORSET FOOTBALL LEAGUE
2000159077	BERKS&4 EBF
2000159078	CORNWALL FOOTBALL ASSOCIATION 1889
2000159080	f00 FOUNDED 96
2000159084	1922
2000159085	HAMPSHIRE PREMIER FOOTBALL LEAGUE
2000159086	HAMPSHIRE PREMIER FOOTBALL LEAGUE
2000159087	c_,01-JNrp 0
2000159088	*\0Rco
2000159089	FOUNDED 1953
2000159090	FOUNDED 1953
2000159091	FOUNDED 1953
2000159092	FOUNDED 1953
2000159096	LEICESTERSHIRE L E | C E ST E R S H | R E S E N | 0 R FOOTBALL LEAGUE
2000159097	LCC IZL 20 №
2000159098	f00 Est 1893
2000159099	0 SUSs
2000159100	MIDDLESEX COUNTY
2000159101	MIDDLESEX COUNTY
2000159102	MIDDLESEX COUNTY
2000159106	0 ASs 1904
2000159107	N RF L
2000159108	N RF L
2000159109	northamptonshire C 0 m b i n a t i 0 n
2000159110	€OOTBAQ FOUNDED 1890
2000159111	OT 刊 NA 昴 4 旧 号 § N 丨 0
2000159113	oMASp 夕 f00
2000159114	PLYMOUTH & WEST DEVON FOOTB 八 LEAGUE
2000159115	fOOre
2000159116	\ 0 ／ FOUNDED 1983
2000159117	FLOREAT SALOPIA
2000159118	MERSE OOTBÄ
2000159120	Ordi
2000159121	ACRO SIL
2000159122	SURREY FA
2000159123	SSEC 0 &'%'IEDIATE
2000159125	0-
2000159126	OONDED \
2000159128	0 &
2000159131	| s92 WEARSI DE LEAGUE
2000159132	CHES&/ · LEBC1
2000159133	卜 9 RE 多 1904 今
2000159134	、 725 YEAßS 一
2000159135	LL 卜
2000159136	FOOTBALL
2000159137	18g1
2000159139	F00 山 丽 叾
2000159140	OONDED \
2000159142	ordshire 0 0 0 County FootbaII League
2000163438	The FA
2000163439	The FA
2000170123	LEAGUEI
2000171626	0
2000171627	0
2000172243	、 KQN 0 勿 7 9 21 ．
2000172948	ELEN 09 L DE SA #
2000172950	COropA*•\
2000172951	AFNACH
2000172953	F T S
2000172954	萨 0 00
2000172955	A.F.Ed ASOClACljN DE FUTBOLDE ESMERALDAS 11 一 NOV 一 1977
2000172960	ASO FUTBOL TUNGURAHUA s00A00 00 0 《 为 0 《 ， 00F0 § 》 0 A 《 00 TU GU 竊 晷 禹
2000172961	ASOCIACIÖN PROVINCIAL DE FÜTBOL PROFESIONAL DEL CARCHI TULCÅN-ECUADOR
2000172962	F 00
2000172964	AFNA
2000172966	AFNA OC C N DE FÜTBOL PROFESIONAL
2000173836	1973
2000173838	《 LIGA DE FUTBOL DE ARAUCA
2000173839	OE FÜ 汐 0 12DE octoø
2000173840	凵 G DE FÜ 丆 BO [ DE BOGO
2000173842	00u 仒
2000173850	Li a baldense desFütbol
2000173855	众 DE
2000173857	LIDEFUTBOL 孬
2000173858	DE / 'IOINAMA
2000173860	0 引 AN D 仒 ARMADASO€
2000173864	DEq
2000173865	0 E 卞 0 卜
2000173866	MAGFUTBOLQ
2000173867	私 卩 对 0 ：
2000173870	@砺№戛0
2000173871	LSF
2000173872	LIDEFUTBOL
2000173873	0 № CALI
2000173876	LIGA DENARIN• `
2000173878	O€PAR T 仒 67 OL
2000173880	RISA 0
2000173881	€fUTBOL LIFÜTBOLy' 、 FUTBO\-•
2000181484	dale farm P 羽 阳 巛 HARRY CAVAN YO U TH CUp
2000183548	EAST O F S C O T LA N D F O O T B A L L L E A G U E
2000183549	EAST O F S C O T LA N D F O O T B A L L L E A G U E
2000183550	EAST O F S C O T LA N D F O O T B A L L L E A G U E
2000186167	owi
2000189135	PRESIDEN
2000196780	& ！ N 、 、 EG 人 07 、 于 MIDLAND5 FOOTBALL LEAGUE
2000200076	MAPINDUZI CUP
2000209813	ADMI RAL 00 曰 。 FRAUEN BUNDESLIGA
2000217610	premier League
2000217623	premier League
2000217625	premier League
2000217682	premier League
2000217713	premier League
2000217716	Premier League lnternational Cup
2000221263	premier League
2000232910	LEAGUE OF Airtricity
2000237821	CLUBS NATIONAL L 鉍 下 EC NL TEXAS ONFERENC
2000237822	CLUBS NATIONAL L 鉍 下 EC NL SOUTHWEST CONFERENCE
2000237823	CVJBS NATIONAL LEAGUE s0UTHEAST NFERENC
2000237824	CLUBS NATIONAL EC NL 0m0 VALLEY ONFERENC
2000237825	CLUBS NA 引 ON 舡 LEAGUE EC NL NORTHWEST ONFERENC
2000237826	ELITE CLU BS NATIONAL £ G 0 NORTHERN CÅL 一 CONFERENCE
2000237827	CLUBS NATIONAL EC NL ORTHEAST ONFERENC
2000237828	CLUBS NATIONAL LEAGUE EC NL OUNTAI
2000237829	ELITE CLUBS NATIONAL £ MIDWEST ONFERE
2000237830	CLUBS NA 引 ON LEAGUE EC NL MlD-ATLANTlc CONFERENCE
2000237831	CLUBS NATIONAL LEAGUE EC NL HEARTLAND NFEREN
2000237832	CLUBS NATIONAL EC NL FLORIDA CONFERENC
2000279903	000 。 FRAUEN BUNDESLIGA
2000289984	0 0 FOOTBALL LEAGUE
20016870	League TWO
20017135	0 SPSL SOUTHERN PREMiER SOCCERLFAGUE
20017553	VOUNDED 1928 EACH E*OEAVOURING 磊 C 和 EV 0
20017554	VOUNDED 1928 EACH E*OEAVOURING 磊 C 和 EV 0
20017941	League TWO
20017948	League TWO
20019199	· 廊 ． 0 00 ． 00cc0
20019207	· 廊 ． 0 00 ． 00cc0
20030685	NRSL
20030686	NRSL
20030687	NRSL
20031727	League TWO
20033731	ChampionshiP
20033732	ChampionshiP
20035150	凵 EIOC
20037253	矽 88
20040487	NRSL
20040488	socc THE CHRMP10NSHlp NASL
20040499	ChampionshiP
20040518	League TWO
20046392	League TWO
20047465	League TWO
20047508	《 0 TM League One
20047509	《 0 TM League One
20500261	LEAGUEI ON CANADA
20502998	CANADIAN
208999	FA
209137	0 nexrc:en
214403	0 ／ 0 SCOT- 「 ISH LOWLAND FOOTBALL LEAGUE
214404	UEFA OUTH
214717	互 CU ， 三 ：0后到的@的 00
214919	FOXTEL A-LS&CCE ALL
215307	SV E R 《 G E
215363	ISUZU
215380	GOLD CUP
215440	L 逅 betsson
215441	L 逅 betsson
215831	禹 《 0 、 ． ， 0 URUGUAYO PRIMERA DIVISIÖN PROFES ℃ NAL
215852	L 逅 betsson
215853	L 逅 betsson
215854	L 逅 betsson
217951	ROYAL BELGIAN FA · 1895
217952	ROYAL BELGIAN FA · 1895
217965	Ca m peonato PlanVi 囿
218716	\-\ONG /fo
219423	PREMIERSHIP
219424	OU
219467	CHARITY S H 丨 E L D
219703	0 亻 B A 〔
219715	TheFA YOUTH CUP
219717	\-\ONG /fo
219720	L 《 0 众 ELITELOR
219740	赐 Scotiabank
22	NDESLIGA
22014729	0 〈 SPONSOR 亻 “ 灬 一 以
22014984	0 丶 0 / 06JIACTHV1 「 PYIIVI
22068163	NCKÅ
22072369	0 丶 EJIVITHA 「 PYIIA U19
222981	〗 Concacaf
222982	〗 Concacaf
222983	〗 Concacaf
222984	〗 Concacaf
222985	〗 Concacaf
222988	TO 张 N 0 PROMOCION Y RESERVAS
222989	TO 张 N 0 PROMOCION Y RESERVAS
222990	TO 张 N 0 PROMOCION Y RESERVAS
222993	1902
223470	COPA
223597	CUP
223598	5 LJ O 庭 [ LI P
223599	5 LJ O 庭 [ LI P
225495	1902
23	BUNDESL 《 GA
2300046	0
2300050	Premier League
2300051	Fi rst Divisi@n
2300052	BOVGFA
23007188	THAILAND
23023485	AF
23025136	+ONG 彳 0
23026234	FQJNDED 1975
23036284	咿 RedBull
23038303	0
23043714	0 0 cHlNESE SUPER 〔
23049225	ASSO Founded 1892
23053221	匚 FH 中 国
23057281	+ONG 彳 丿 球 足
23061000	IR.IFF-A.L.O
23061001	IR.IFF-A.L.O
23061014	IRAN
23062639	oouau LEAGUE
23071760	山 üLO-c 00 Oman M0bile
23071816	0 E SIJPER LE4GU
23077978	oouau LEAGUE
23077979	oouau LEAGUE
23077980	oouau LEAGUE
23077981	oouau LEAGUE
23077982	oouau LEAGUE
23078031	VFF
23078221	、 足 球 丿
23078222	、 足 球 到 。
23078275	0 T H E G R E E N T 丨 D E 914 · #
23078276	一 亠 匯 ^ M 、 CVP
23078277	KUWAIT F.A
23078278	KUWAIT F.A
23078280	THAILAND
23086526	webangsaan ， 诡
23086527	webangsaan ， 诡
23086528	webangsaan ， 诡
23086529	webangsaan ， 诡
23087388	S A F F
23088614	亠 HONG 苤0@0
23089858	UFL 0 UNITED F(.H.: ， TBALL LEAGUE
23090572	000
23090671	IRAN
23090672	IRAN
23090710	S FA
23090711	S FA
23090713	OMANF>
23090714	？ S 引 ON 舡 C 0
23090715	ofa.om
23090849	0 0 丁 的 彐 0 Le 三 引 ， 0
23090919	M*L€AGU€
23090922	MYANMAR NATIONAL LEAGUE
23090960	MYANMAR 4&L1sH€O
23090999	IRAQ CUP
23091052	OJ9
23091053	OJ9
23092167	S1--JæR Cup
23092244	刂 l-a UI UAE
23093031	CHARITY SHIELD VAtCK 、 IS
23093045	dhifQQ9U /Aremieq
23093046	MCUP 2 1 1
23093257	\-\ONG /fo
23099026	BASHUNDHARAGROUP ' the 性 叩 @' ' Country 1 FEDERATION CUP 2021 Powered BY PO 二 TS
23099027	S A F F
23103790	PRIME MINISTER'S CUP
23103791	FOOTBALL FEDERATION
23106018	THAILAND
23106020	LAFGHANISTAN 'CHAMPIONS
23110303	匚 FH 中 国
23110304	匚 FH 中 国
23110305	匚 FH 中 国
23110306	匚 FH 中 国
23110307	匚 FH 中 国
23110308	匚 FH 中 国
23110309	匚 FH 中 国
23110310	匚 FH 中 国
23110311	匚 FH 中 国
23110312	匚 FH 中 国
23110313	匚 FH 中 国
23110314	匚 FH 中 国
23110315	匚 FH 中 国
23110316	匚 FH 中 国
23110317	匚 FH 中 国
23110318	匚 FH 中 国
23110319	匚 FH 中 国
23110320	匚 FH 中 国
23110321	匚 FH 中 国
23110322	匚 FH 中 国
23110323	匚 FH 中 国
23110324	匚 FH 中 国
23110325	匚 FH 中 国
23110326	匚 FH 中 国
23110327	匚 FH 中 国
23110328	匚 FH 中 国
23110329	匚 FH 中 国
23110330	匚 FH 中 国
23110331	匚 FH 中 国
23110332	匚 FH 中 国
23110333	匚 FH 中 国
23110334	匚 FH 中 国
23110335	匚 FH 中 国
23110336	匚 FH 中 国
23110337	匚 FH 中 国
23110338	匚 FH 中 国
23110339	匚 FH 中 国
23110340	匚 FH 中 国
23110341	匚 FH 中 国
23110342	匚 FH 中 国
23110343	匚 FH 中 国
23110344	匚 FH 中 国
23110345	匚 FH 中 国
23110346	匚 FH 中 国
23110347	,.ateur 6 CA L
23110348	名 业 3 t e u
23114212	IR.IFF- A.L.O 00gu0
23114213	IR.IFF- A.L.O 00gu0
23114227	00
23114228	剜 訐 0 公 0 的 0
23114688	+ONG 彳 0 SSOC\ 卜
23114755	NEPAL
23116769	匚 FH 中 国
23121281	HJLUX LEAGUE CUP 2021 / 22
23133206	0 0 e 0 0 COP
23151830	AFGHANISTAN FOOTBALL FEDERATION 1922
23151831	。 00 YRWT - 2019
23151832	F F T L
23151834	0 亻 B 之 冷 1901 粼
23154525	Long Teng Cup
23155488	0 F CIJP
23158777	OMANF>
23159013	j 《 5 讧 J9 ） c-J | 9 月
23159015	j 《 5 讧 J9 ） c-J | 9 月
23159175	S FA
23159181	S FA
23159182	S FA
23159183	S FA
23159184	S FA
23159206	」 FA
23159207	J FA
23159502	grameenphone Super Éup
23159508	00
23159604	SRI LAN KA FOOTBALL EST 1939
23159611	SRI LAN KA FOOTBALL EST 1939
23159612	SRI LAN KA FOOTBALL EST 1939
23160177	VFF
23160178	VFF
23160179	VFF
23160180	VFF
23160301	UFL 0 UNITED FOOTBALL LEAGUE
23160302	UFL 0 UNITED FOOTBALL LEAGUE
23160303	UFL CUP UNITED FO()TBALL CUP
23161442	SRI LAN KA FOOTBALL EST 1939
23161445	'NortRern 4Mariana lslands Football Association
23161532	MYANMAR 4&LISH€O
23161539	SRI LAN KA FOOTBALL EST 1939
23161540	SRI LAN KA FOOTBALL EST 1939
23162489	ED IATE
23162680	NEPAL
23162928	12 山 性 RARA 亠 F2 ． 014
23163376	F F T L
23163853	webangsaan ， 诡
23163862	IRAQI SUPER CUP
23164012	S FA
23164013	S FA
23164957	L 0 備 0
23164958	L 0 備 0
23168447	V.LEAGUE 1
23168448	V.LEAGUE 1
23168449	V.LEAGUE 1
23168450	V.LEAGUE 已
23168451	V.LEAGUE 已
23168453	L 0 備 0
23168454	L 0 備 0
23168463	丶 0 勿 | 丨 141Jga ARABIAN GULF LEAGUE
23168464	丶 0 勿 | 丨 141Jga ARABIAN GULF LEAGUE
23168465	FIRST DIVISION LEAGUE
23168466	FIRST DIVISION LEAGUE
23168467	VIVA
23168468	VIVA
23177174	AFC U 23
23177175	AFC U 23
23179126	\-\ONG /fo
23184254	MALDIVES
23184385	BCL 0 肟 出 G
23191444	L 0 備 0
23191497	OOTB
23191499	OOTB
23191500	OOTB
23191502	OOTB
23192165	4
23193285	MYANMAR NATIONAL LEAGUE
23193569	MYANMAR 48L/SH€O
23194385	mmister
23194524	FQJNDED 1975
23194681	M*L€AGU€
23194697	'NortRern 4Mariana lslands Football Association
23198844	MYANMAR 4&LISH€O
23199309	MALDIVES
23201524	U 8 013 G UAM
23201533	oouau LEAGUE
23209359	F T F
23209360	FFAS
23209361	COOK ISLANDS
23209362	COOK ISLANDS
23209364	0 臼 山 FACT V0d0fone
23209368	000
23209369	000
23209370	PNGFA
23209375	ONGA
23209376	ONGA
23209377	TNFA
23209378	TNFA
23209379	TNFA
23209380	INDEPENDENCE C U P
23209381	TNFA
23209382	TNFA
23209383	LA OE PO 狩 0 poßf
23209384	P 臂
23209385	VANUATU FOOTBALL FEDERATION V F
23209387	eHAÄITY eUP
23209388	NEW ZEALAND FOOTBALL
23209390	袢 EW ZEALAND SOCCER
23209397	FFAS
23209398	FFAS
23209465	彳 乡
23209466	ece r 彳 乡
23209762	U 9 championship
23209782	U ． 17 championship
23210246	MainIand
23210915	FOOTBALL FEDERATION
23211501	TONG
23211614	TNFA
23211674	F00TBnL
23211678	VANUATU FOOTBALL FEDERATION V F
23220662	丿 D 旧 《 og Champions League
23220663	丿 D 旧 《 og Champions League
23220676	L 0 備 0
23226054	引 0
23226118	KUWAIT F.A
23226121	étJPERCtJP
23226177	BE ℃ 》 G FA CUP
23236433	、 IOCS MEOITERRANIS · JUEGCS MEOITERRÅNEOS JEUX MÉDlTEfiRANEENS 。 MEOITERRAtiEAN GAMES
23268106	,.ateur 6 CA L
23268107	名 业 3 t e u
23268108	名 业 3 t e u
23268109	名 业 3 t e u
23274463	／ FUT 0 丶 0 0 足 球
23276339	NATIONAL CLIJB HAMPIONSHI
23287301	WOR 0 CU P qat—a 酽 2022
23295494	FA M
23295495	FA M
23295502	匚 FH 中 国
23320616	L FA
23321125	\-\ONG /fo
23321221	VFF
23321806	CENTRAL ASLAN VOOTUAtt A 、 、 二 T 、
23321808	的 00@ N @
23325003	THE AGA KHAN GOLD CUP
23339574	0 庙 n 卩 「 0 league 牖 、 sian Gulf C 叩
23339575	0 庙 n 卩 「 0 league 牖 、 sian Gulf C 叩
23339576	凵 匕 〗 j 丨
23339577	凵 匕 〗 j 丨
23340293	NEPAL
23340303	BIGGEST FESTIVAL OF EASTERN NEPAL BUDHA SUBBA “ RedBull GOLD CU P TOURNAMENT
23341966	£ G
23348939	0 CO 卦 磊 F00 酉 0 禹 LL
23352758	UFL UNITED FOOTBALL LEAGUE
23352759	UFL UNITED FOOTBALL LEAGUE
23354237	oouau LEAGUE
23354238	oouau LEAGUE
23354239	0 藺 TEU TOURNAMENT
23354788	THAI LEAGUE
23354789	THAI LEAGUE
23354820	THAILAND AMATEUR LEAG U E
23354821	THAILAND AMATEUR LEAG U E
23354822	0 藺 TEU TOURNAMENT
23354823	0 藺 TEU TOURNAMENT
23354824	0 藺 TEU TOURNAMENT
23354825	0 藺 TEU TOURNAMENT
23354826	0 藺 TEU TOURNAMENT
23354827	THAILAND AMATEUR LEAG U E
23356203	0 足 球
23356307	C H | N A L E A G U E 山 Z 朕
23356308	C H | N A L E A G U E 山 Z 朕
23356749	匚 FH 中 国
23359921	CAL 堞 业 名
23366086	THAI LEAGUE 3
23370720	匚 FH 中 国
23371964	+ONG 彳 0
23383574	是 CU 巳 2021 Powered CO ． № 0
23383987	\-\ONG /fo
23388432	ASSO
23388433	ASSO
23388435	oouau LEAGUE PRO
23388436	oouau LEAGUE PRO
23388452	ASSO
23390437	tball AS
23390438	tball AS
23390439	tball AS
23390440	tball AS
23390441	tball AS
23390442	tball AS
23390443	了 的 讣 ： 《 [ 、 〕 了 0 一 下
23390833	MALAYS\B
23390834	PKOUPPINES 衝 齲 《 一 应
23392469	足 球
23396186	凵 GA FUTEBOL AMADORA TIMOR LESTE
23396187	凵 GA FUTEBOL AMADORA TIMOR LESTE
23396219	凵 GA FUTEBOL AMADORA TIMOR LESTE
23397138	F 00 下 LE 。 U 下 R LE '
23397216	CENTRAL ASLAN VOOTUAtt A 、 、 二 T 、
23398468	Stnn1S oouau Government Savings Bank 了 H L 簡 0 @H P 《 0 S CUP
23401762	SRI LAN KA FOOTBALL EST 1939
23401763	SRI LAN KA FOOTBALL EST 1939
23402297	\-\ONG /fo
23404335	COMM. 00 C UP
23404337	00
23404340	\-\ONG /fo
23404341	\ L 召
23404372	\-\ONG /fo
23404373	\-\ONG /fo
23404384	\-\ONG /fo
23404385	\-\ONG /fo
23416509	øC 闩 1 AY 「 33p
23446874	“ ii i
23447243	L FA
23447244	L FA
23447431	C 0 P A P A U L | N 0 A L C A N 丫 A R A
23454913	CAL 堞 业 名
23455592	删 N 皿 CUP
23461696	足 球
23461699	足 球
23465649	MFL CHALLENGE CUP
23482321	LIGA
23482327	MYANMAR 凵 sH€O
23482328	MYANMAR 凵 sH€O
23482479	*SOCCER £ 爲@0姹 0 6
23482485	S FA
23482486	S FA
23482487	S FA
23482488	S FA
23489925	P 总 I I P P I 蕊 E
23493567	． ^ 、 P 《 ONS
23500734	\-\ONG /fo
24000265	øoMETNIs GORAN%*€
24000266	NS 翕 LSZ 1994
24000267	胛 購 J 緗 NOGOMETNI SÅVEZ 训 皿 lll ． 删 鼎 藩 ZUPAN 刂 [
24000269	OD · pos ． ZUP•:
24000271	0 S 丶 OVA N 1 9 9 4 ．
24000273	+ETNO
24000274	1920
24000275	7953
24000276	1.iNL
24000277	、 吣 OGOME 铲 却 SAVEz
24000278	19 ZN S
25019588	0 SYNOT TIP. SUPERPOHRR
25053391	OUNIORSKA 凵 GA
25054613	5UPER POHÉR SIovnaft
25055212	OUNIORSKA 凵 GA
25060473	F 0 R T U N A sk. B
252884	CANADIAN
252885	CANADIAN
26	REGIONALLIGA 0R0
26014948	KOn CFA KYTI EMO
26031734	0 到
26037114	KO n C FA
27001459	O 四 SA 889 ·
27001479	O 四 SA 889 ·
27001496	O 四 SA 889 ·
27065986	O 四 SA 889 ·
27115528	DIVISION
27115529	DIVISION
27115530	DIVISION
27123722	O 四 SA 7 8 89
27136802	O 四 SA 7 8 89
27136803	O 四 SA 7 8 89
27136807	O 四 SA 7 8 89
29	eredIVISle
29047086	／ 丶 0 Scotiabank CFU MEN ， S CARIBBEAN[CUP
29052500	data systems
29052548	TheFA 0 0 0 0 0 0 0 0 0 仃 L 順
29052571	TheFA 0 0 0
29212089	IFOOTBALL ， M N GE
29236869	RTH
29236870	SOUTH
29236871	LEAGUES
29236884	的 0 。 “ 0 。 的 0
29237059	Qgue
3	ROYAL BELGIAN FA · 1895
30	Keuken Kampioen d V S e
30004922	PITC PARTNERS WITH ISTHMIAN FOOTBALL LEAGUE
30004923	PITC PARTNERS WITH ISTHMIAN FOOTBALL LEAGUE
30004924	ZÅMÅRETTO League
30004925	C 0 焦 GU
30007231	形 S 0 00
30007232	Thurlow Nunn League EASTERN COUNTIES FOOTBALL LEAGUE
30007233	C00 1 8 8 2
30007234	FOUNDED 1953
30007235	Southcrn Countics East Footb 引 《 Lcaguc
30007237	The North West Counties 0 FootbaII League 0 0
30007238	OOTBAÜ- T()()ISTATI()N
30007239	甴 b NORTHERN L E A G U E FOUNDED 1889
30007240	sOUTH/l,1 79 91
30007241	0 C 0
30007242	UNITED COUNTIES
30007243	却 0E0 、
30007244	LEAG(JD
30007798	0 0 b 以 1 1 1 0 以 u 0
30010179	EVe-STIK
30010180	EVe-STIK
302205	GAUCH 0 刊 加 ' ra 办
302206	GAUCH 0 刊 加 ' ra 办
302207	CAMPEONATO AMAZONENSE DE FUTEBOL
302208	CAMPEONATO AMAZONENSE DE FUTEBOL
309678	B01017ao
309679	C 卩 下 C 幫 丿 孬 下 FUTFBCL 下
309682	CBF
309685	乛 C 為 P 巨 0 閬 TO “
309686	00 0 實 000L
309687	CBF
309688	℃@℃0
309689	&rEunrüO CRTRRIRERSE
309691	CBF
309697	COPA DO NORDESTE
309703	CBF
309707	0 0 Liga Sul Minas
31038501	PITC PARTNERS WITH ISTHMIAN FOOTBALL LEAGUE
31039224	U 9 championship
31051584	EUROPA CONFERENCE
31051860	IJßllte
311872	CBF
313192	C R 藺 P E 0 R T 0 AMAPAENSE
313193	CBF
313194	匚 A M P E 0 N AT 0 CEARENSE
313195	匚 A M P E 0 N AT 0 CEARENSE
313197	CBF
313199	CBF
313201	CBF
313202	CBF
313203	CBF
313204	以 0 MATO-G ROSSENsE 仟 tjr 姒 巧
313205	0 CAMPEONATO MATO GROSSENSE 2 divisäo
313206	C A M P E 0 N A T 0 PARAIBANO
313207	0 〔 A M P E 0 N ATO 丷 PARAIBANO 2a DIVISAO
313208	Série A
313209	Série
313210	巳 A M P E 囗 N AT 囗 POTIGUAR
313211	巳 A M P E 囗 N AT 囗 POTIGUAR
313213	CBF
313214	CBF
313215	CBF
313216	CAVIPEONATO pixlbet
313217	0 ℃ 河 00 河 出 河
313218	0 0 · CAMPEONATO · TOCANTINENSE P R 《 M 臼 R A D | V | S O
313219	CBF
313220	丿 PARAZAO BANPARA F E 0 E R A 0 p A A E N S E 0 E T E B 0 L ` GOVERNO DO PARA
313221	PARA F P F FUTEBOL
314731	鼬 0 EON
314732	PAULISTÄ ． A2 一
317567	0 - CONMEBOL- SUDAMERICANA
319191	CBF
32	SERIE A —TIM
320383	CBF
33	Sefie
33000001	J 創 巛 (AUSLI 地 仁
33000117	丁 E N KAKKONEN
33000118	丁 E N KAKKONEN
33000119	KAKKONEN
33000120	丁 E N KAKKONEN
33044341	丁 E N KAKKONEN
33044342	丁 E N KAKKONEN
33044343	丁 E N KAKKONEN
33044344	SUOMEN 卩 廴 廴 OL 仃 0
33052612	SUOMEN 卩 廴 廴 OL 仃 0
33071460	SUOMEN 卩 廴 廴 OL 仃 0
33071461	SUOMEN 卩 廴 廴 OL 仃 0
33071465	SUOMEN 卩 廴 廴 OL 仃 0
33071466	SUOMEN 卩 廴 廴 OL 仃 0
33071818	SUOMEN 卩 廴 廴 OL 仃 0
33071819	SUOMEN 卩 廴 廴 OL 仃 0
33072729	SUOMEN 卩 廴 廴 OL 仃 0
34	SE | E C
35	SE | E C
35010927	REGIONALLIGA W EST
35024472	G E BAU D E R E 》 № G U N G BREMEN 凵 GA
35024473	OBERLIGA NIEDERSACHSEN
35024474	OBERLIGA NIEDERSACHSEN
35024476	0 B E 胜 《 GA
35102297	OBERLIGA NIEDERSACHSEN
353063	川 一
353078	BOUTH
36	SE | E C
36012660	下 0
36031104	E6vLKn n P 0 T A O ^ H M A
36031105	E6vLKn n P 0 T A O ^ H M A
36031106	E6vLKn n P 0 T A O ^ H M A
36031107	E6vLKn n P 0 T A O ^ H M A
36031108	E6vLKn n P 0 T A O ^ H M A
36031109	E6vLKn n P 0 T A O ^ H M A
36031110	E6vLKn n P 0 T A O ^ H M A
36031111	E6vLKn n P 0 T A O ^ H M A
36031112	下 0
36031113	下 0
36042398	。 1924 。
36042400	0 粼 № E.n.t.AN.A. 00
36042402	ON 芝 0 勿 匚 ， 「 PEBENA 19 82
36042403	1957
36042404	KAETOPIAE 心 《 Aé E 夻 厂 到 7 又
36042406	0 4971
36042407	“ 0 妇 ] TttT ， 10 ；
36042408	0
36042409	亻 臼 0 1968
36042412	多 OM 铲 仒 /
36042414	E.n.E.N. AAPIEAE 1 9 6 0
36042415	ENQEH nOAOE@AlPlKQN ZQMATEIQN NOMOY TPIKAAQN
36042417	QN 0 勿 1929
36042418	E.n.E. OPAKHE 1928
36042419	生 EBPO
36042421	1973
36042422	ENQEH IIOAOEØAIPIKQN )QMATEIQN 巾 QKIAAE 19 8 4
36042423	且 乏
36042425	00 0 £ 0
36042426	øiQTI 1951
36042428	E.n.E. @EEIIPQTIAE 798N
36042430	TIPEBEZAE-AEYKAAAE 1981
36042432	、 KQN 0 勿 7 9 21 ．
36042433	QN № 勿 0 1946 0
36042434	0
36042436	1929
36042438	Z 簋 Y 00Y 87
36042440	KE P 7 9 5 2
36042442	」 0
36042443	MO 厶 1951
36042444	1939
36042445	E.n.E. ^ E B 0 Y MYTIAHNH 1948
36042446	XANIA 、 1950 ·
36042447	灬 品 心 俨 1946
36049765	下 0
36086001	少 /
36086002	少 /
36087243	EOVLKn n P 0 T 众 O ^ 杩 M 众
36087244	EOVLKn n P 0 T 众 O ^ 杩 M 众
36087245	EOVLKn n P 0 T 众 O ^ 杩 M 众
36087246	EOVLKn n P 0 T 众 O ^ 杩 M 众
36087247	EOVLKn n P 0 T 众 O ^ 杩 M 众
36087248	FOOTBALL 0 LEAGU E 0 冂 a 冂
36095929	noao noN
36099822	下 0
36099859	oN
36130671	凵 P 三 闩 匕 三 闩 凵 三
36130695	S 凵 PER I— 三 闩 亠 sports 〕 n ova
36130696	S 凵 PER I— 三 闩 亠 sports 〕 n ova
36130697	S 凵 PER I— 三 闩 亠 sports 〕 n ova
36130698	S 凵 PER I— 三 闩 亠 sports 〕 n ova
36130699	凵 P 三 闩 匕 三 闩 凵 三
36139289	EaanvJK/'t n06000mp “ n O 丶 ” 过 E9VlKh
36139290	EaanvJK/'t n06000mp “ n O 丶 ” 过 E9VlKh
36149286	Z 簋 Y 00Y 87
36149289	1973
36149290	ENQEH nOAOE@AlPlKQN ZQMATEIQN NOMOY TPIKAAQN
36149291	E.n.E. OPAKHE 1928
36149292	QN 0 勿 1929
36149293	E.n.E. @EEIIPQTIAE 798N
36149295	MO 厶 1951
36149296	灬 品 心 俨 1946
36149297	TIPEBEZAE-AEYKAAAE 1981
36149300	0 4971
36149301	1929
36149302	。 1924 。
36149649	E.n.E. ^ E B 0 Y 0
36149653	E.n.E.N. AAPIEAE 1 9 6 0
36149658	1957
36149659	QN № 勿 0 1946 0
36149660	“ 0 妇 ] TttT ， 10 ；
36149661	KE P 7 9 5 2
36149663	多 OM 铲 仒 /
36149664	KAETOPIAE 心 《 Aé E 夻 厂 到 7 又
36149668	0 0 扒 lnno 0
36149669	0
36149670	QN 芝 0 饧 19 82
36149671	øiQTI 1951
36149672	ENQEH IIOAOEØAIPIKQN )QMATEIQN 巾 QKIAAE 19 8 4
36149675	生 EBPO
36149676	00 0 £ 0
36149677	0 粼 № E.n.t.AN.A. 00
36149679	」 0
36149680	1939
36149681	XANIA 、 1950 ·
36149682	亻 臼 0 1968
36149687	且 乏
36149688	、 KQN 0 勿 7 9 21 ．
36149785	S 凵 PER I— 三 闩 亠 sports 〕 n ova
36149786	S 凵 PER I— 三 闩 亠 sports 〕 n ova
36500021	ARCGUS lnsurance · Pensions · lnvestments
36500022	GIBRALTAR •FOOTBALL ASSOCIATION•
36500023	GIBRALTAR •FOOTBALL ASSOCIATION•
36500071	GibteIecom ROCK C U P
36500270	GIBRALTAR •FOOTBALL ASSOCIATION•
36500428	GIBRALTAR •FOOTBALL ASSOCIATION•
36500463	GIBRALTAR •FOOTBALL ASSOCIATION•
36511385	GIBRALTAR •FOOTBALL ASSOCIATION•
36511386	GIBRALTAR •FOOTBALL ASSOCIATION•
36513629	0 0
36513864	GIBRALTAR •FOOTBALL ASSOCIATION•
36513866	GIBRALTAR •FOOTBALL ASSOCIATION•
36514013	GIBRALTAR •FOOTBALL ASSOCIATION•
36517295	FOOTBALL M 禹 禹 0 老 CUP
36522289	soeetg
36527043	GIBRALTAR •FOOTBALL ASSOCIATION•
36528944	GIBRALTAR •FOOTBALL ASSOCIATION•
36532636	C 0 R OOTB 娃 LEACUE
37	SE | E C
37024268	TO P KLASSE
37024269	TO P KLASSE
37043719	IE KLASSE
37043751	IE KLASSE
37043752	IE KLASSE
37043753	IE KLASSE
37043754	IE KLASSE
37043755	IE KLASSE
37043756	IE KLASSE
37043757	IE KLASSE
37043758	IE KLASSE
37043759	IE KLASSE
37043760	IE KLASSE
37059991	bee noblon DIVISIE
37059992	»DERDE D 《 V 《 《 E
37059993	»DERDE D 《 V 《 《 E
37066039	2e KLASSE
37066040	2e KLASSE
37066041	2e KLASSE
37066042	2e KLASSE
37066043	2e KLASSE
37066044	2e KLASSE
37066045	2e KLASSE
37066046	2e KLASSE
37066047	2e KLASSE
37066048	2e KLASSE
37066049	2e KLASSE
37066050	2e KLASSE
37066051	2e KLASSE
37066052	2e KLASSE
37066053	2e KLASSE
37066054	2e KLASSE
37066055	2e KLASSE
37066056	2e KLASSE
37066057	2e KLASSE
37066058	2e KLASSE
37066059	2e KLASSE
37066060	2e KLASSE
37073213	KLASSE
37073214	KLASSE
37073215	KLASSE
37073216	KLASSE
37073217	KLASSE
37073218	KLASSE
37073219	KLASSE
37073220	KLASSE
37073221	KLASSE
37073222	KLASSE
37073223	KLASSE
37073224	KLASSE
37073225	KLASSE
37073226	KLASSE
37073227	KLASSE
37073228	KLASSE
37073229	KLASSE
37073230	KLASSE
37073231	KLASSE
37073232	KLASSE
37073233	KLASSE
37073234	KLASSE
37073235	KLASSE
37073236	KLASSE
37073237	KLASSE
37073238	KLASSE
37073239	KLASSE
37073240	KLASSE
37073241	KLASSE
37073242	KLASSE
37073243	KLASSE
37073244	KLASSE
37073245	KLASSE
37073246	KLASSE
37073247	KLASSE
37073248	KLASSE
37073249	KLASSE
37073250	KLASSE
37073251	KLASSE
37073252	KLASSE
37073253	KLASSE
37073254	KLASSE
37073255	KLASSE
37073256	KLASSE
38	SE | E C
38013452	demzeti ajnok säg
38013453	demzeti ajnok säg
38013454	demzeti ajnok säg
38013455	demzeti ajnok säg
38013456	demzeti ajnok säg
38013457	demzeti ajnok säg
38036804	TI 0 emzeti 乁 ajnoksig
38044480	901 ．
38044505	一 凸
39	SE | E C
39037297	S 口 es UGANDA PREMIER LEAGUE
39037298	S 「 lme FUFA BIG LEAGUE FUFA League 1 以 0 №
39037299	stanbic UGANDA
4	ROYAL BELGIAN FA · 1895
40000400	or1GC ‰ 村 么 0 也 0
40000892	‰ 村 办 GÜ
40009398	《 ND 《 A
40009399	《 ND 《 A
40009402	《 ND 《 A
40009404	F00 /
40011649	N G 亻 0
40023116	NPL 4 NAGALAND PREMIER LEAGUE
40023117	、 ADIIN
40023157	PREMIER I.EA€ÜF*V
40023158	MIZORAM PREMIER LEAGUE
40023304	》 tt 《 《 《 t• itiCIt
40023576	《 ND 《 A
40026090	KFA 0
40026565	《 HefO
40026573	*ADU
40026574	《 ND 《 A
40026582	《 ND 《 A
40026734	《 ND 《 A
40028289	《 ND 《 A
40035407	PREMIER I.EA€ÜF*V
40035408	》 tt 《 《 《 t• itiCIt
40035409	airtelf!llå!
40035410	Hero *INDI,(I NOIJT& ÉUTE
40035411	Hero *INDI,(I NOIJT& ÉUTE
40035412	Hero *INDI,(I NOIJT& ÉUTE
40035413	Hero *INDI,(I NOIJT& ÉUTE
41004312	0 付 1
41007457	主 忉 RA TUNGGN\'
41023296	1 N D O N E S 丨 A N PREMIER LEAGUE
41042740	ega alan LIGA2
41042741	L 孬 0
41042742	L 孬 0
41042743	L 孬 0
41042744	L 孬 0
41042745	L 孬 0
41042746	LIG 3
41042748	Divisi 《 PSSI
41045091	NUSANTARA
41045103	L I G A
41045104	L I G A
41045105	L I G A
41045106	L I G A
41045330	Divisi 《 PSSI
41045331	Divisi 《 PSSI
41045332	Divisi 《 PSSI
41045333	Divisi 《 PSSI
41045334	Divisi 《 PSSI
41045335	Divisi 《 PSSI
41045336	Divisi 《 PSSI
41045337	Divisi 《 PSSI
41045432	Divisi 《 PSSI
41045433	Divisi 《 PSSI
41045434	Divisi 《 PSSI
41045435	Divisi 《 PSSI
41046986	L 孬 0
41046987	L 孬 0 0
41046988	L 孬 0 0
41047308	G04JEK traveloka Liga 1
41047309	G04JEK traveloka Liga 1
41053475	7S 匚 LE7
41053476	7S 匚 LE7
41057429	L 孬 0
41057430	L 0
41058630	PSSI
41058631	PSSI
41064069	L I G A
41064070	L I G A
41064071	L I G A
41064072	L I G A
413780	00 兴 NORTHERN IRELAND
413781	00 兴 NORTHERN IRELAND
413782	00 兴 NORTHERN IRELAND
413783	00 兴 NORTHERN IRELAND
414225	庵 （ 001 BetMcLea n ． LEAGUE CUP
416327	丶 /
417858	Rushmere
417859	四 0 NORTHERN IRELAND 沙
418017	0 McComb's （ ： 0 以 hTr 卦 忒 ediate Cup
418018	四 0 NORTHERN IRELAND 沙
418021	OO 丆 孕
418870	乬 过 T 瓜 NT 瓜 一 P 0 R T
419047	父 0 NCI 巫 勋
42	FIRSI D 閉
42000527	ISRAEL F 0 01 b a 目 A s s 0 c i 0 扫 0 n
42016163	ISRAEL F 0 0 t b a 目 A s s 0 c i 0 t i o n
42016164	ISRAEL F 0 0 t b a 目 A s s 0 c i 0 t i o n
42016165	ISRAEL F 0 0 t b a 目 A s s 0 c i 0 t i o n
42021438	ISRAEL F 0 0 t b a 目 A s s 0 c i 0 t i o n
42021439	ISRAEL F 0 0 t b a 目 A s s 0 c i 0 t i o n
42021440	ISRAEL F 0 0 t b a 目 A s s 0 c i 0 t i o n
42021441	ISRAEL F 0 0 t b a 目 A s s 0 c i 0 t i o n
42021442	ISRAEL F 0 0 t b a 目 A s s 0 c i 0 t i o n
42021443	ISRAEL F 0 0 t b a 目 A s s 0 c i 0 t i o n
42021444	ISRAEL F 0 0 t b a 目 A s s 0 c i 0 t i o n
42021445	ISRAEL F 0 0 t b a 目 A s s 0 c i 0 t i o n
42021446	ISRAEL F 0 0 t b a 目 A s s 0 c i 0 t i o n
42021447	ISRAEL F 0 0 t b a 目 A s s 0 c i 0 t i o n
42021448	ISRAEL F 0 0 t b a 目 A s s 0 c i 0 t i o n
42021449	ISRAEL F 0 0 t b a 目 A s s 0 c i 0 t i o n
42021450	ISRAEL F 0 0 t b a 目 A s s 0 c i 0 t i o n
42033224	ISRAEL F 0 0 t b a 目 A s s 0 c i 0 t i o n ） N 也 ' 〕 ） ] ． 到 ] 〕 ） JÄlIn,Nnnn
42033226	ISRAEL F 0 0 t b a 目 A s s 0 c i 0 t i o n ） N 也 ' 〕 ） ] ． 到 ] 〕 ） JÄlIn,Nnnn
42033228	ISRAEL F 0 0 t b a 目 A s s 0 c i 0 t i o n ） N 也 ' 〕 ） ] ． 到 ] 〕 ） JÄlIn,Nnnn
42033240	ISRAEL F 0 0 t b a 目 A s s 0 c i 0 t i o n ） N 也 ' 〕 ） ] ． 到 ] 〕 ） JÄlIn,Nnnn
42038170	Qc 。 ‰ 彳2@22
42038862	Qc 。 ‰ 彳2@22
42057767	ISRAEL F 0 0 t b a 目 A s s 0 c i 0 t i o n
42057768	israel
42085309	ISRAEL F 00 ， b 0 II A 、 、 0 0 0 0 0 0
42085314	ISRAEL F 00 ， b 0 II A 、 、 0 0 0 0 0 0
42085319	ISRAEL F 00 ， b 0 II A 、 、 0 0 0 0 0 0
42085476	ISRAEL F 0 0 t b 0 目 A s s 0 c i 0 扫 o n
42085478	ISRAEL F 0 0 t b 0 目 A s s 0 c i 0 扫 o n
42085479	ISRAEL F 0 0 t b 0 目 A s s 0 c i 0 扫 o n
42085480	ISRAEL F 0 0 t b 0 目 A s s 0 c i 0 扫 o n
42085481	ISRAEL F 0 0 t b 0 目 A s s 0 c i 0 扫 o n
42085482	ISRAEL F 0 0 t b 0 目 A s s 0 c i 0 扫 o n
42085483	ISRAEL F 0 0 t b 0 目 A s s 0 c i 0 扫 o n
42085484	ISRAEL F 0 0 t b 0 目 A s s 0 c i 0 扫 o n
42085485	ISRAEL F 0 0 t b 0 目 A s s 0 c i 0 扫 o n
42085486	ISRAEL F 0 0 t b 0 目 A s s 0 c i 0 扫 o n
42085487	ISRAEL F 0 0 t b 0 目 A s s 0 c i 0 扫 o n
42085488	ISRAEL F 0 0 t b 0 目 A s s 0 c i 0 扫 o n
42085489	ISRAEL F 0 0 t b 0 目 A s s 0 c i 0 扫 o n
42085490	ISRAEL F 0 0 t b 0 目 A s s 0 c i 0 扫 o n
42085491	ISRAEL F 00 ， b 0 II A 、 、 0 0 0 0 0 0
42085854	ISRAEL F 00 ， b 0 II A 、 、 0 0 0 0 0 0
42085855	ISRAEL F 00 ， b 0 II A 、 、 0 0 0 0 0 0
42085856	ISRAEL F 00 ， b 0 II A 、 、 0 0 0 0 0 0
42085857	ISRAEL F 00 ， b 0 II A 、 、 0 0 0 0 0 0
42085858	ISRAEL F 00 ， b 0 II A 、 、 0 0 0 0 0 0
42085859	ISRAEL F 00 ， b 0 II A 、 、 0 0 0 0 0 0
42085860	ISRAEL F 00 ， b 0 II A 、 、 0 0 0 0 0 0
42085861	ISRAEL F 00 ， b 0 II A 、 、 0 0 0 0 0 0
42085862	ISRAEL F 00 ， b 0 II A 、 、 0 0 0 0 0 0
42090196	ISRAEL F 00 ， b 0 II A 、 、 0 0 0 0 0 0
43	ChampionshiP
43001467	彡 0
43032015	匚 AMPIONATO SAMMARINESE BKN30 《
43048743	SE | E C
43064519	FIGC LEGA NAZIONALE DILETTANTI 巛 0 RUL
43064520	FIGC LEGA NAZIONALE DILETTANTI 0
43064521	FIGC LEGA NAZIONALE DILETTANTI LND
43064522	FIGC LEGA NAZIONALE DILETTANTI LND
43064523	FIGC LEGA NAZIONALE DILETTANTI LND
43064524	FIGC LEGA NAZIONALE DILETTANTI 0
43064525	FIGC LEGA NAZIONALE DILETTANTI 0
43064526	FIGC LEGA NAZIONALE DILETTANTI 巛 0
43064527	FIGC LEGA NAZIONALE DILETTANTI LAZ ℃
43064528	FIGC LEGA NAZIONALE DILETTANTI LAZ ℃
43064529	FIGC LEGA NAZIONALE DILETTANTI I/G U R\\
43064530	FIGC LEGA NAZIONALE DILETTANTI
43064531	FIGC LEGA NAZIONALE DILETTANTI
43064532	FIGC LEGA NAZIONALE DILETTANTI
43064533	FIGC LEGA NAZIONALE DILETTANTI 0
43064534	FIGC LEGA NAZIONALE DILETTANTI OL 陲
43064535	FIGC LEGA NAZIONALE DILETTANTI
43064536	FIGC LEGA NAZIONALE DILETTANTI
43064537	FIGC LEGA NAZIONALE DILETTANTI 0 PIJGI\\
43064538	FIGC LEGA NAZIONALE DILETTANTI 垡 0 身 韌 EG
43064539	FIGC LEGA NAZIONALE DILETTANTI
43064540	FIGC LEGA NAZIONALE DILETTANTI
43064541	FIGC LEGA NAZIONALE DILETTANTI 垡 0
43064542	FIGC LEGA NAZIONALE DILETTANTI 垡 0
43064543	巛 0 巛 0
43064544	FIGC LEGA NAZIONALE DILETTANTI IJMBR\Å
43064545	FIGC LEGA NAZIONALE DILETTANTI VENEIO
43064546	FIGC LEGA NAZIONALE DILETTANTI VENEIO
43078059	FIGC LEGA NAZIONALE DILETTANTI 1959 2019
43104614	FIGC LEGA NAZIONALE DILETTANTI 巛 0 RUL
43104615	FIGC LEGA NAZIONALE DILETTANTI 巛 0 RUL
43104616	FIGC LEGA NAZIONALE DILETTANTI 0
43104617	FIGC LEGA NAZIONALE DILETTANTI LND
43104618	FIGC LEGA NAZIONALE DILETTANTI LND
43104619	FIGC LEGA NAZIONALE DILETTANTI LND
43104620	FIGC LEGA NAZIONALE DILETTANTI LND
43104621	FIGC LEGA NAZIONALE DILETTANTI LND
43104622	FIGC LEGA NAZIONALE DILETTANTI LND
43104623	FIGC LEGA NAZIONALE DILETTANTI 0
43104624	FIGC LEGA NAZIONALE DILETTANTI 0
43104625	FIGC LEGA NAZIONALE DILETTANTI 0
43104626	FIGC LEGA NAZIONALE DILETTANTI 0
43104627	FIGC LEGA NAZIONALE DILETTANTI 巛 0
43104628	FIGC LEGA NAZIONALE DILETTANTI 巛 0
43104629	FIGC LEGA NAZIONALE DILETTANTI LAZ ℃
43104630	FIGC LEGA NAZIONALE DILETTANTI LAZ ℃
43104631	FIGC LEGA NAZIONALE DILETTANTI LAZ ℃
43104632	FIGC LEGA NAZIONALE DILETTANTI LAZ ℃
43104633	FIGC LEGA NAZIONALE DILETTANTI 虫 0 I/G U R\\
43104634	FIGC LEGA NAZIONALE DILETTANTI 虫 0 I/G U R\\
43104635	FIGC LEGA NAZIONALE DILETTANTI
43104636	FIGC LEGA NAZIONALE DILETTANTI
43104637	FIGC LEGA NAZIONALE DILETTANTI
43104638	FIGC LEGA NAZIONALE DILETTANTI
43104639	FIGC LEGA NAZIONALE DILETTANTI
43104640	FIGC LEGA NAZIONALE DILETTANTI
43104641	FIGC ITALIA
43104642	FIGC LEGA NAZIONALE DILETTANTI 0
43104643	FIGC LEGA NAZIONALE DILETTANTI 0
43104644	FIGC LEGA NAZIONALE DILETTANTI OL 陲
43104645	FIGC LEGA NAZIONALE DILETTANTI
43104646	FIGC LEGA NAZIONALE DILETTANTI
43104647	FIGC LEGA NAZIONALE DILETTANTI
43104648	FIGC LEGA NAZIONALE DILETTANTI
43104649	FIGC LEGA NAZIONALE DILETTANTI 巛 0 PUGL\Å
43104650	FIGC LEGA NAZIONALE DILETTANTI 巛 0 PUGL\Å
43104651	FIGC LEGA NAZIONALE DILETTANTI 垡 0 身 韌 EG
43104652	FIGC LEGA NAZIONALE DILETTANTI 垡 0 身 韌 EG
43104653	FIGC LEGA NAZIONALE DILETTANTI
43104654	FIGC LEGA NAZIONALE DILETTANTI
43104655	FIGC LEGA NAZIONALE DILETTANTI
43104656	FIGC LEGA NAZIONALE DILETTANTI
43104657	FIGC LEGA NAZIONALE DILETTANTI 垡 0
43104658	FIGC LEGA NAZIONALE DILETTANTI 垡 0
43104659	FIGC LEGA NAZIONALE DILETTANTI 垡 0
43104660	FIGC LEGA NA 0 ， ` 磊 OltErTANTl 0
43104661	FIGC LEGA NAZIONALE DILETTANTI E № 0
43104662	FIGC LEGA NAZIONALE DILETTANTI IJMBR\Å
43104663	FIGC LEGA NAZIONALE DILETTANTI IJMBR\Å
43104664	FIGC LEGA NAZIONALE DILETTANTI VENEIO
43104665	FIGC LEGA NAZIONALE DILETTANTI VENEIO
43104666	FIGC LEGA NAZIONALE DILETTANTI VENEIO
43104667	FIGC LEGA NAZIONALE DILETTANTI VENEIO
43104668	FIGC LEGA NAZIONALE DILETTANTI 1959 2019
43111781	0 CÅLAB?&
43111782	0 CÅLAB?&
43111783	0 CÅLAB?&
43111784	0 CÅLAB?&
43127171	SERIE C
43127172	SERIE C
43127173	SERIE C
43127174	SERIE C
43127175	FIGC ITALIA
43131832	VIAREGGIO( UP
43143989	FIGC ITALIA
43143990	FIGC ITALIA
43143991	FIGC ITALIA
43143992	FIGC ITALIA
43143993	FIGC ITALIA
43143994	FIGC ITALIA
43143995	FIGC ITALIA
43143996	FIGC ITALIA
43143997	FIGC ITALIA
43143998	FIGC ITALIA
43143999	FIGC ITALIA
43144000	FIGC ITALIA
43144001	FIGC ITALIA
43144002	FIGC ITALIA
43144003	FIGC ITALIA
43144004	FIGC ITALIA
43144005	FIGC ITALIA
43144006	FIGC ITALIA
43144007	FIGC ITALIA
43144008	FIGC ITALIA
43144009	FIGC ITALIA
43144010	FIGC ITALIA
43144011	FIGC ITALIA
43144012	FIGC ITALIA
43144013	FIGC ITALIA
43144014	FIGC ITALIA
43144015	FIGC ITALIA
43144016	FIGC ITALIA
43144017	FIGC ITALIA
43144018	FIGC ITALIA
43144019	FIGC ITALIA
43144020	FIGC ITALIA
43144021	FIGC ITALIA
43144022	FIGC ITALIA
43144023	FIGC ITALIA
43144024	FIGC ITALIA
43144025	FIGC ITALIA
43144026	FIGC ITALIA
43144027	FIGC ITALIA
43144028	FIGC ITALIA
43144029	FIGC ITALIA
43144029.png	FIGC ITALIA
43144030	FIGC ITALIA
43144031	FIGC ITALIA
43144032	FIGC ITALIA
43144033	FIGC ITALIA
43144034	FIGC ITALIA
43163373	SERIED
43163375	COPPA ECCELLENZA
43163376	COPPA ECCELLENZA
43163377	COPPA ECCELLENZA
43163378	FIGC LEGA NAZIONALE DILETTANTI LND
43163379	FIGC LEGA NAZIONALE DILETTANTI 0
43163380	COPPA ECCELLENZA
43163381	FIGC LEGA NAZIONALE DILETTANTI LAZ ℃
43163382	COPPA ECCELLENZA
43163383	FIGC LEGA NAZIONALE DILETTANTI 虫 0 I/G U R\\
43163385	COPPA ECCELLENZA
43163386	COPPA ECCELLENZA
43163387	COPPA ECCELLENZA
43163388	FIGC LEGA NAZIONALE DILETTANTI 巛 0 PUGL\Å
43163389	COPPA ECCELLENZA
43163390	COPPA ECCELLENZA
43163391	FIGC LEGA NAZIONALE DILETTANTI 垡 0
43163392	巛 0 巛 0
43163393	COPPA ECCELLENZA
43163394	COPPA ECCELLENZA
43163395	COPPA ECCELLENZA
43202014	FIGC ITALIA
432083	0 气 A的@壭魚生 0 过 颼 飞鼻@的 CAPWTAL 了 OOTB ^ 趾
432090	OTM NORTHERN CHAMPIONSHIP
432091	OTM SOUTHERN CHAMPIONSHIP
432262	0 闫 的 霍 的 闫 0 河 囗 IP
432263	Maf 幅@間
432264	capital
432265	capital
432266	H 《 EAGUE
43344138	PRIMAVERA
43344139	PRIMAVERA
43344140	PRIMAVERA
43344141	PRIMAVERA
43344142	L E ßA
43344143	PRIMAVERA
43344144	L E ßA
43344145	L E ßA
43344146	L E ßA
43344147	L E ßA
43344148	L E ßA
43344149	L E ßA
43344150	PRIMAVERA
43344151	PRIMAVERA
43344152	PRIMAVERA
43344153	PRIMAVERA
43344154	PRIMAVERA
43344155	PRIMAVERA
43344156	PRIMAVERA
43344157	PRIMAVERA
43344158	PRIMAVERA
43344159	GIOVANIL!! 厂
43344160	PRIMAVERA TIMVISION CUP TIMVISION
43344161	SUPERCOPPA PRIMAVERA 引 MV 《 引 ON
43344162	SUPERCOPPA PRIMAVERA
43411771	FIGC LEGA NAZIONALE DILETTANTI 巛 0 RUL
43411772	FIGC LEGA NAZIONALE DILETTANTI 1959 2019
43411773	FIGC LEGA NAZIONALE DILETTANTI 巛 0 RUL
43411774	FIGC LEGA NAZIONALE DILETTANTI 巛 0 RUL
43411775	FIGC LEGA NAZIONALE DILETTANTI 巛 0 RUL
43411776	FIGC LEGA NAZIONALE DILETTANTI 巛 0 RUL
43411777	FIGC LEGA NA 0 ， ` 磊 OltErTANTl 0
43411778	FIGC LEGA NA 0 ， ` 磊 OltErTANTl 0
43411779	FIGC LEGA NAZIONALE DILETTANTI 0
43411780	FIGC LEGA NAZIONALE DILETTANTI 0
43411781	FIGC LEGA NAZIONALE DILETTANTI LND
43411782	FIGC LEGA NAZIONALE DILETTANTI LND
43411783	FIGC LEGA NAZIONALE DILETTANTI LND
43411784	FIGC LEGA NAZIONALE DILETTANTI LND
43411785	FIGC LEGA NAZIONALE DILETTANTI LND
43411786	FIGC LEGA NAZIONALE DILETTANTI LND
43411787	FIGC LEGA NAZIONALE DILETTANTI LND
43411788	FIGC LEGA NAZIONALE DILETTANTI LND
43411789	FIGC LEGA NAZIONALE DILETTANTI LND
43411790	FIGC LEGA NAZIONALE DILETTANTI LND
43411791	FIGC LEGA NAZIONALE DILETTANTI LND
43411792	FIGC LEGA NAZIONALE DILETTANTI 0
43411793	FIGC LEGA NAZIONALE DILETTANTI 0
43411794	FIGC LEGA NAZIONALE DILETTANTI 0
43411795	FIGC LEGA NAZIONALE DILETTANTI 0
43411796	FIGC LEGA NAZIONALE DILETTANTI 0
43411797	FIGC LEGA NAZIONALE DILETTANTI 0
43411798	FIGC LEGA NAZIONALE DILETTANTI 0
43411799	FIGC LEGA NAZIONALE DILETTANTI 0
43411800	FIGC LEGA NAZIONALE DILETTANTI 巛 0
43411801	FIGC LEGA NAZIONALE DILETTANTI 巛 0
43411802	FIGC LEGA NAZIONALE DILETTANTI 巛 0
43411803	FIGC LEGA NAZIONALE DILETTANTI LAZ ℃
43411804	FIGC LEGA NAZIONALE DILETTANTI LAZ ℃
43411805	FIGC LEGA NAZIONALE DILETTANTI LAZ ℃
43411806	FIGC LEGA NAZIONALE DILETTANTI LAZ ℃
43411807	FIGC LEGA NAZIONALE DILETTANTI LAZ ℃
43411808	FIGC LEGA NAZIONALE DILETTANTI LAZ ℃
43411809	FIGC LEGA NAZIONALE DILETTANTI LAZ ℃
43411810	FIGC LEGA NAZIONALE DILETTANTI LAZ ℃
43411811	FIGC LEGA NAZIONALE DILETTANTI LAZ ℃
43411812	FIGC LEGA NAZIONALE DILETTANTI 虫 0 I/G U R\\
43411813	FIGC LEGA NAZIONALE DILETTANTI 虫 0 I/G U R\\
43411814	FIGC LEGA NAZIONALE DILETTANTI 虫 0 I/G U R\\
43411815	FIGC LEGA NAZIONALE DILETTANTI 虫 0 I/G U R\\
43411816	FIGC LEGA NAZIONALE DILETTANTI
43411817	FIGC LEGA NAZIONALE DILETTANTI
43411818	FIGC LEGA NAZIONALE DILETTANTI
43411819	FIGC LEGA NAZIONALE DILETTANTI
43411820	FIGC LEGA NAZIONALE DILETTANTI
43411821	FIGC LEGA NAZIONALE DILETTANTI
43411822	巛 0
43411823	FIGC LEGA NAZIONALE DILETTANTI
43411824	FIGC LEGA NAZIONALE DILETTANTI
43411825	FIGC LEGA NAZIONALE DILETTANTI
43411826	FIGC LEGA NAZIONALE DILETTANTI
43411827	FIGC LEGA NAZIONALE DILETTANTI
43411828	FIGC LEGA NAZIONALE DILETTANTI
43411829	FIGC LEGA NAZIONALE DILETTANTI 0
43411830	FIGC LEGA NAZIONALE DILETTANTI 0
43411831	FIGC LEGA NAZIONALE DILETTANTI 0
43411832	FIGC LEGA NAZIONALE DILETTANTI 0
43411833	FIGC LEGA NAZIONALE DILETTANTI OL 陲
43411834	FIGC LEGA NAZIONALE DILETTANTI OL 陲
43411835	FIGC LEGA NAZIONALE DILETTANTI OL 陲
43411836	FIGC LEGA NAZIONALE DILETTANTI
43411837	FIGC LEGA NAZIONALE DILETTANTI
43411838	FIGC LEGA NAZIONALE DILETTANTI
43411839	FIGC LEGA NAZIONALE DILETTANTI
43411840	FIGC LEGA NAZIONALE DILETTANTI
43411841	FIGC LEGA NAZIONALE DILETTANTI
43411842	FIGC LEGA NAZIONALE DILETTANTI
43411843	0
43411844	FIGC LEGA NAZIONALE DILETTANTI 巛 0 PUGL\Å
43411845	FIGC LEGA NAZIONALE DILETTANTI 巛 0 PUGL\Å
43411846	FIGC LEGA NAZIONALE DILETTANTI 巛 0 PUGL\Å
43411847	FIGC LEGA NAZIONALE DILETTANTI 垡 0 身 韌 EG
43411848	FIGC LEGA NAZIONALE DILETTANTI 垡 0 身 韌 EG
43411849	FIGC LEGA NAZIONALE DILETTANTI 垡 0 身 韌 EG
43411850	FIGC LEGA NAZIONALE DILETTANTI 垡 0 身 韌 EG
43411851	0 身 韌 EG
43411852	FIGC LEGA NAZIONALE DILETTANTI
43411853	FIGC LEGA NAZIONALE DILETTANTI
43411854	FIGC LEGA NAZIONALE DILETTANTI
43411855	FIGC LEGA NAZIONALE DILETTANTI
43411856	FIGC LEGA NAZIONALE DILETTANTI
43411857	FIGC LEGA NAZIONALE DILETTANTI
43411858	FIGC LEGA NAZIONALE DILETTANTI
43411859	FIGC LEGA NAZIONALE DILETTANTI 垡 0
43411860	FIGC LEGA NAZIONALE DILETTANTI 垡 0
43411861	FIGC LEGA NAZIONALE DILETTANTI 垡 0
43411862	FIGC LEGA NAZIONALE DILETTANTI 垡 0
43411863	FIGC LEGA NAZIONALE DILETTANTI 垡 0
43411864	FIGC LEGA NAZIONALE DILETTANTI 垡 0
43411865	FIGC LEGA NAZIONALE DILETTANTI E № 0
43411866	FIGC LEGA NAZIONALE DILETTANTI E № 0
43411867	FIGC LEGA NAZIONALE DILETTANTI E № 0
43411868	FIGC LEGA NAZIONALE DILETTANTI IJMBR\Å
43411869	FIGC LEGA NAZIONALE DILETTANTI IJMBR\Å
43411870	FIGC LEGA NAZIONALE DILETTANTI IJMBR\Å
43411871	FIGC LEGA NAZIONALE DILETTANTI IJMBR\Å
43411872	FIGC LEGA NAZIONALE DILETTANTI 1959 2019
43411873	FIGC LEGA NAZIONALE DILETTANTI 1959 2019
43411874	FIGC LEGA NAZIONALE DILETTANTI VENEIO
43411875	FIGC LEGA NAZIONALE DILETTANTI VENEIO
43411876	FIGC LEGA NAZIONALE DILETTANTI VENEIO
43411877	FIGC LEGA NAZIONALE DILETTANTI VENEIO
43411878	FIGC LEGA NAZIONALE DILETTANTI VENEIO
43411879	FIGC LEGA NAZIONALE DILETTANTI VENEIO
43411880	FIGC LEGA NAZIONALE DILETTANTI VENEIO
43411881	FIGC LEGA NAZIONALE DILETTANTI VENEIO
45	PREMIERSHIP
45002926	JAPAN
45002990	AOMO 烈 FOOTBALL ASSOCIATION
45002991	AKITA FOOTBALL ASSOCIATION
45002992	JAPAN
45002993	JAPAN
45002994	JAPAN
45002995	JAPAN
45002996	JFA
45002997	JAPAN
45002998	JAPAN
45002999	JAPAN
45003000	JAPAN
45003001	JAPAN
45003002	JAPAN
45003004	公 焱 制 生 人 愛 知 秒 、 丿 力 一 協 会
45003005	JAPAN
45003006	JAPAN
45003007	， 静 岡 禦 吵 丿 力 一 協 会
45003008	JAPAN
45003009	《 A ISHIKAWA FOOTBALL SSOCIATION
45003010	～ “ “ 長 野 以 丿 力 一 協 僉
45003011	0 / NJFA 新 渴 力 一 協 会
45003012	寫 吩 " 劲 。 0 合
45003014	JAPAN
45003015	一 般 社 圃 法 人 奈 良 冫 力 一 協 会
45003016	JAPAN
45003017	SHIGA FOOTBALL 门 ASSOCIATION 卜 丿 ” 冫 号 戾 0
45003018	感 謝 祭
45003019	0 / 0 0 0 囗 猕 恝 s 刎 仞 8 阳 O 协 ssoc 角 忉 n
45003022	JAPAN
45003023	。 、 AMAGVCRt VOOTBALL
45003024	JAPAN
45003025	JAPAN
45003028	应 ， 福 岡 冫 力 一 会
45003029	JAPAN
45003031	JAPAN
45003032	一 般 社 回 法 人 長 崎 鼎 力 一 会 Nagasaki FootbatI Association
45003033	大 分 鼐 丿 力 一 協 会 社 会 人 委 員 会 0 FA Oi 阝 OOtb 《 禹 ociat ion
45003034	JFA SAGA FOOTBALL ASSOCIATION
45003035	JAPAN
45003127	J OMO CUP 陬 且 S 丌 贈 竊 医 隈
45003339	JAPAN
45015072	2 囗 囗 日 ] OMO CUP ALLSTAR SDCCER
45020033	Concacaf CARIBBEAN CLUB CHAMPIONSHIP
45024430	Digicel
45024431	First Citizens
45024433	TRINIDAD & FOOTBALL
45024434	TRINIDAD & FOOTBALL
45024978	FOOTBALL CHAMPIONSHIP
45026056	JAPAN
45026057	JAPAN
45031863	JAPAN
45031898	JAPAN
45031900	JAPAN
45031901	JAPAN
45031902	JAPAN
45031904	0 CHUGOKU SOCCER LEAGUE
45031905	JAPAN
45032269	JAPAN
45032270	JAPAN
45032271	0 CHUGOKU SOCCER LEAGUE
45032272	JAPAN
45032274	JAPAN
45032275	JAPAN
45033356	JAPAN
45037690	JAPAN
45037719	JAPAN
45037720	JAPAN
45037739	JAPAN
45037740	JAPAN
45037741	JAPAN
45037742	JAPAN
45077255	JAPAN
45077257	JAPAN
45077259	JAPAN
45077260	JAPAN
45077262	0 CHUGOKU SOCCER LEAGUE
45077263	JAPAN
45077264	JAPAN
45077265	JAPAN
45077266	JAPAN
45077267	JAPAN
45077269	JAPAN
45077270	JAPAN
45077272	0 CHUGOKU SOCCER LEAGUE
45077273	JAPAN
45077274	JAPAN
45081234	JAPAN
45081235	JAPAN
45081236	JAPAN
45081238	JAPAN
45081239	JAPAN
45081241	0 CHUGOKU SOCCER LEAGUE
45081242	0 CHUGOKU SOCCER LEAGUE
45081243	0 CHUGOKU SOCCER LEAGUE
45081244	JAPAN
45081245	JAPAN
45082430	7 § 榭 C 囤 肌 处 暂 《 ON 乙 札 就 謝
45082431	0
45082432	OOTB
45082433	LI 寐 LEAGU 王
45082434	PREMIER LEÅGUE
45082436	C 」
45082439	。 E ^ GU E
45082440	OOTB
45082441	0
45082480	MADURO& CUR IECS BA 丶 K 丶 V.
45082484	otb a//
45082485	FOOTBALL A590
45095028	JAPAN JFA
45095049	JAPAN JFA
45098753	JAPAN JFA
45115573	高 宫 杯 JFA U · 18 PREMIER LEAGUE
45115574	高 宫 杯 JFA U · 18 PREMIER LEAGUE
45115575	高 宫 杯 JFA U · 18 PREMIER LEAGUE
45115576	018c 高 宫 杯 JFA U · 18 PRINCE LEAGUE
45115578	JAPAN JFA
45115580	JAPAN JFA
45115581	JAPAN
45115583	0 CHUGOKU SOCCER LEAGUE
45115584	JAPAN JFA
45115585	JAPAN JFA
45115586	高 宫 杯 JFA U · 18 PREFECTURAL LEACUE
45115587	高 宫 杯 JFA U · 18 PREFECTURAL LEACUE
45115588	高 宫 杯 JFA U · 18 PREFECTURAL LEACUE
45115589	高 宫 杯 JFA U · 18 PREFECTURAL LEACUE
45115590	高 宫 杯 JFA U · 18 PREFECTURAL LEACUE
45115591	高 宫 杯 JFA U · 18 PREFECTURAL LEACUE
45115592	高 宫 杯 JFA U · 18 PREFECTURAL LEACUE
45115593	高 宫 杯 JFA U · 18 PREFECTURAL LEACUE
45115594	高 宫 杯 JFA U · 18 PREFECTURAL LEACUE
45115595	高 宫 杯 JFA U · 18 PREFECTURAL LEACUE
46	ICHAMPIONSHIP
463479	亻 0 亻 0
463481	TFF [ u S A L 阝 U B 0 [ 凵 G 《
463485	TFF [ u S A L 阝 U B 0 [ 凵 G 《
463486	TFF [ u S A L 阝 U B 0 [ 凵 G 《
47	LEAGUE 1
47000006	qu•llt•t 》
47000007	FAF
47017450	0 The TROPHY
47017525	ATBILDTGAS SPELES TVIJAS KAUSS
47017546	G R 0 P 0 L 节 节 TAURE
47020292	HA M ， E OH
47024182	？ BOV Super GuP
47024230	《 00M
47040943	SUPER I<AUSS
47052616	dALT' C 0
47053671	ZiBET AMATEUR L E A G U E
47069514	IIEMRS KRUSS 0
47075710	2 MAKEAOHCKA ）
47075711	2 MAKEAOHCKA ）
48	LEAGUE 2
49038698	NATIONAL3
49038703	U19 IN 0 丌 0 IN 0
49038704	U19 IN 0 丌 0 IN 0
49038705	U19 IN 0 丌 0 IN 0
49038706	U19 IN 0 丌 0 IN 0
49038779	U19
49039425	-ieR0it
49039426	-ieR0it
50	ALLSVENSKAN UNIBET
50046767	NATIONAL3
50046768	NATIONAL3
50046769	NATIONAL3
50046770	NATIONAL3
50046771	NATIONAL3
50046772	NATIONAL3
50046773	NATIONAL3
50046774	NATIONAL3
50046775	NATIONAL3
50046776	NATIONAL3
50046777	NATIONAL3
50046778	NATIONAL3
50046779	NATIONAL3
50046780	NATIONAL3
50046781	NATIONAL3
50046782	NATIONAL3
50046783	NATIONAL3
50048443	NATIONAL3
50048444	NATIONAL3
50048445	NATIONAL3
51013960	LNT
51013961	凵 GATIDP
51013965	LNT
51013966	LNT
51013967	凵 GATIDP
51013968	凵 GATIDP
51013985	凵 GATIDP
51013986	凵 GATIDP
51013987	凵 GATIDP
51013988	凵 GATIDP
51013989	凵 GATIDP
51013990	凵 GATIDP
51013991	凵 GATIDP
51013992	凵 GATIDP
51013993	凵 GATIDP
51013994	凵 GATIDP
51013995	凵 GATIDP
51013996	凵 GATIDP
51013997	凵 GATIDP
51013998	MEXI]CO
51013999	MEXI]CO
5103714	PITCtlING PARTNERS WITH ISTHMIAN FOOTBALL LEAGUE
5103715	C 0 焦 GU
5103716	PITCtlING PARTNERS WITH 60 冫 S 《 NC E 1968 NORTHERN PREMIER LEAGUE
51045232	SUPGR€OPAIV'> 〈
51060286	LNT
51064381	BBVA 凵 GABancomer Sub 20
51064382	MEXI]CO
51064383	MEXI]CO
51066837	LIGA PREMIER
51066838	LIGA PREMIER
51066839	LIGA PREMIER
51066840	LIGA PREMIER
51066841	LIGA PREMIER
51066842	LIGA PREMIER
51078102	LEAGUES
5111902	0 0 b 以 1 1 1 0 以 u 0
5111904	PITCI{ING PARTNERS WITH SOUTHERN FOOTBALL LEAGUE
5111905	PITCI{ING PARTNERS WITH SOUTHERN FOOTBALL LEAGUE
5111906	the league
5123054	vanacamalæ 0
5123055	vanacamals 0
52	SUPERETTAN 《 0BOS
52001471	仑 F00 NORTHERN IRELAND
52005285	到 酽 酽 0 酽
52025730	花 俎
52025757	到 酽 酽 0 酽
52025827	到 酽 酽 0 酽
52029648	亽 sEN10. 々
52029649	亽 sEN10. 々
52031875	f irm us
52031876	0 NI FOOTBALL EST.2006
52033665	M 。
52033666	LNSTITUTED ] 923
52033667	LNSTITUTED ] 923
52033668	M 。
52033669	f irm us
52033670	CARNBANE LEAGUE 0 乒 q6 &
52033671	•QD.AS•
52033672	CARNBANE LEAGUE 0 乒 q6 &
52033674	卜 G ANO F&W
52033675	卜 G ANO F&W
52033676	卜 G ANO F&W
52033677	凝 从 0 ZEAGUE
52033678	rnalHutchinson TiIes
52034092	f irm us
52036065	卜 A 0 F&W
52038068	V007 才 丶 ()RTHERN I RE LAND 曇
52038070	V007 才 丶 ()RTHERN I RE LAND 曇
52041290	& D/s JUNIOR LEAGUE
52041411	F00 户
52041515	eounty
52063048	下 0 &st 2005
52063852	£ 下 GU 乇
52074160	四 0 NORTHERN IRELAND 沙
52074161	四 0 NORTHERN IRELAND 沙
52074162	四 0 NORTHERN IRELAND 沙
52074163	四 0 NORTHERN IRELAND 沙
52074164	四 0 NORTHERN IRELAND 沙
52074165	四 0 NORTHERN IRELAND 沙
52086955	PREMIERSHIP 0 茫 V OPM 酉 LEAGUE
52086958	（ H 禹 鬥 纠 ON 咿 DEVELOPNENT LEAGUE SOUTH
52086971	（ 鬥 纠 ON 咿 0 E V EI 0 PN E H LEAGUE OR H
52089150	℃ OOr
5209094	%COTLA/VO
52092869	NORTHERN IRELAND FOOTBALL LEAGUE 《 禹 0 筷 隸 Y L 筷 魚@u茫
52092877	eat fresh•
52092910	NORTHERN IRELAND FOOTBALL LEAGUE
52094997	PREMIERSHIP DEVELOPMENT LEAGUE
52098613	O\STR ℃ 产 0 孬 · b 品 '
52098632	& D/sr Fou 0d 19 e&1LES 卜
52098633	0 NEFL 19
52098634	自 K I L D A R E K. D · U · L ·
52098635	Okenny & D 0 occer League
52098636	№ 、 0 韦 c •nochfa 柘
52098638	eounty
52098639	1977
52098640	%S OW
52098641	囱 ℃ ¥
52098642	OlSTR/cr
5250792	Campeonato betsson
5250793	Ascenso betsson
5251645	Copa ChiIe easy
5260948	BetPlaY
5260949	CAMPEONATO NACIONAL PRIMERA C COPABetPlay> 2023
5260950	丫 OR EO BetPIay DIMAYOR
5290551	L 逅 betsson
5290552	COPA PERÜ
5290553	LIGA2
53	SV E R 《 G E
53006964	NORGE
53006974	NORGE
53045703	OBOS LIGAENI
53045723	OBOS LIGAENI
53051837	FIN 硎
53057341	Norsk Ti ppi ng Ligaen
53057342	Norsk Ti ppi ng Ligaen
53057343	Norsk Ti ppi ng Ligaen
53057344	Norsk Ti ppi ng Ligaen
53057345	Norsk Ti ppi ng Ligaen
53057346	Norsk Ti ppi ng Ligaen
53057347	Norsk Ti ppi ng Ligaen
53057348	Norsk Ti ppi ng Ligaen
53057349	Norsk Ti ppi ng Ligaen
53057350	Norsk Ti ppi ng Ligaen
53057351	Norsk Ti ppi ng Ligaen
53057352	Norsk Ti ppi ng Ligaen
53083513	NORGE
53083514	NORGE
53083515	NORGE
53083516	NORGE
53083517	NORGE
53083518	NORGE
53083519	NORGE
53083520	NORGE
53083521	NORGE
53083522	NORGE
53083523	NORGE
53083524	NORGE
53130077	1902
5314301	Y 飞 》 巛 a 0p0 能 0 · 鼾 河
5314302	MEMf110HAT IIEPLUOI 0
5314303	MEMKIIOHAT
5314304	MEMKIIOHAT
5314307	vbet KV60K YKpaiHh
53149467	OBOS LIGAENI
53150081	telenor cupen NM 16 · NFF
53160818	NORDIÅND
53161019	N ON SERIE LANDSOMFATTENDE T U R N E R 》 N G FO R GUTTER 19 ÅR
53161055	0S [ 0
53161161	HORDALAND
53161423	TRONDELAG
53161558	SUNNMORE
53161605	ROGALAND
53161738	BUSKERUD
53161825	AKERSHUS
53161891	瞀 0 用
53162001	NORGE
53162002	NORGE
53162003	NORGE
53162004	NORGE
53162005	0S [ 0
53162006	NORGE
53162007	INDRE OSTLAND
53162008	NORGE
53162009	NORGE
53162010	NORGE
53162011	NORGE
53162012	NORGE
53162013	NORGE
53162014	NORGE
53162015	NORGE
53162016	NORGE
53162017	SUNNMORE
53162018	NORDMORE 0G ROMSDAL
53162019	NORGE
53162020	NORGE
53162021	NORGE
53162022	胍 [ 0 删 ND
53162023	TROMS
53162024	NORGE
53162206	削 D OSTLAND
53162334	TROMS
53163904	VESTFOID
53164597	TEIEM ARK
53165641	SOGN 0G FJORDANE
53165642	FINNM ARK
5320807	vbet cynepKY60K
5321456	0 飛
5321457	0 飛
5321662	MEMf110HAT IIEPLUOI 0
5321663	MEMf110HAT IIEPLUOI 0
5340000	公 BGL Ligue U•GL UN P PARI UAS
5340010	LOTERIE NATIONALE
5360062	Grameenphone Bangladesh Premier League
5385513	DIVISI 'A
5385703	引 UTAMA 2m2
5385746	DIVISI 'A
5385747	DIVISI 'A
5395850	Great 0 了 Eastern L 0
5395851	0
5395852	ASSO Founded 1892
5395864	L 0 E G 「 eat 5 rn 1 u E
54	SV E R 《 G E
55	SV E R 《 G E
550001	V.LEAGUE2 2023
55020301	p 下
55020400	CAVPEONATO NACIONAL DIVISÄ@
55020401	CAVPEONATO NACIONAL DIVISÄ@
55020402	CAVPEONATO NACIONAL DIVISÄ@
5512770	禹 《 0 、 ． ， 0 URUGUAYO PRIMERA DIVISIÖN PROFES ℃ NAL
5512771	SEGUNDA DIVISIÖN PROFES ℃ NAL
5512772	DIVIS ℃ AMATEUR
558118	亽 sEN10. 々
559815	0 THEI Ä C CUPI
56	SV E R 《 G E
5607687	REGIONÅL 凵 GA OÖFV STFV
5607688	REGIONALLIGAWest
5607689	0 F B 《 9 0
5623025	GCC CLU3 CUP
5623042	0 AlR/A[5 ClLU8 CHAMlP[lON15 CUJIP
5623059	U/\FA
5623071	IJ/\FT\
5624449	艹 下 0N0 苤 0N0
5624450	\-\ONG /fo
5624451	CUP
5624452	LEAGUE a.JP
5624453	\-\ONG /fo
5624454	1941 1945 SEIIIORISHIELD
5624455	0 心 0 宝 新 懔 主 义
5624531	》 tt 《 《 《 t• itiCIt
5624533	《 《 H9f0 00
5624534	fOOTe
5624535	airtelf!llå!
5624537	LICJA 0 äVl 一 01
5624539	\-\ONG /fo
5624694	\-\ONG /fo
5624826	OALL
5624899	PREMER FOOTBALL LEAGIÆ
5624904	《 ND 《 A
5624920	HILUX THAI LEAGUE
5624933	fOOTe
5624934	airtelf!llå!
5624940	《 ND 《 A
5625174	*ADU
5625176	0 BAQ
5626560	0 声 0 0 0 UZU 0 CUP
5626564	SEA 6AMES
5626587	ARAB GULF CUP 25
5626772	内 下 C 也 口 9 t'H W00
5626814	00 亻 々 飞 A 釘 ASIAN FOOTBALL' CHAMPIONSHIP
5626828	内 下 C 也 口 9 t'H W00
5626836	FOOTBALL CHAMP 0 N 5 H 《 P
5626873	CNO ANOCÄ 0
5626874	9 凵 回
5627647	FOOTBALL CHAMP 0 N 5 H 《 P
5627764	U ^ FA
5628191	匚 FH 中 国
5628525	\-\ONG /fo
5628551	是 生 冒 回 圄
5629195	WAFF
5629331	00
5629931	CHALLENGE C U P
5629952	L 0 備 0
5629966	L 0 備 0
5629986	L 0 備 0
5629989	L 0 備 0
5629996	L 0 備 0
5630003	L 0 備 0
5630004	P EMI L EA AL CH
5630060	0 、 S r. @iv.iSiOn 「 OOt6 《 《 l!eaou€
5630062	IADSH 巨 M 卩 鑫 GU
5630248	足 球 0
5630266	足 球 0
5630268	足 球 0
5630275	STGROIJP BRUNEI PREMIER LEAGUE
5631613	L 0 備 0
5632126	EXPO
5632159	轟 隸 CUP
5632198	§ 巛 的 JASSIM
5633774	F F S L
5633779	SRI LAN KA FOOTBALL EST 1939
5633837	VANTAGE ACUP
5634047	SRI LAN KA FOOTBALL EST 1939
5634246	PePSl@ LÅO LEÅGUE 1
5634751	sAFF
5635022	00
5635115	SYRIANI FOOTBALL CUP,
5635278	“ 习 g-1Jl Jordanian Pro League
5635279	〕 ordan Super Cup 0
5635280	J FA SHIELD
5635281	Jordan Cu p
5635283	」 FA
5637985	挈 《 《 嘰 S MALE' LEAGtJi 三
5637986	CHAMPIONSHIP
5638008	MALDIVES
5638025	MALDIVES
5638034	迎 IVI 引 皿
5638083	FUTeoz
5638097	FUTeoz
5638107	FUTeoz
5638317	^ 550 G 众 pO NationaI Football League
5688090	ABC MOTSEPE LEAGUE
57	SV E R 《 G E
5701179	BUr2er
57015177	即 M 鼐
57015178	即 M 鼐
57015179	即 M 鼐
57015180	即 M 鼐
57015181	即 M 鼐
57015182	LIG 磊 3
57015313	FRF
57015314	FRF
57015315	FRF
57030695	FRF
57030698	FRF
57030728	FRF
57030737	FRF
57030754	FRF
57048424	FRF
57048504	FRF
57048505	FRF
57048506	FRF
57048507	FRF
57048508	FRF
57048509	FRF
57048510	FRF
57048511	FRF
57048512	FRF
57048513	FRF
57048514	FRF
57048515	FRF
57048516	FRF
57048517	FRF
57048518	FRF
57048519	FRF
57048520	FRF
57048521	FRF
57048522	FRF
57048523	FRF
57048524	FRF
57048525	FRF
57048526	FRF
57048527	FRF
57048528	FRF
57048529	FRF
57048530	FRF
57048531	FRF
57048532	FRF
57048533	FRF
57048534	FRF
57048535	FRF
57048536	FRF
57048537	FRF
57048538	FRF
57048539	FRF
57048540	FRF
57048541	FRF
57048542	FRF
57048543	FRF
57064460	FRF
5707678	KO REA NATIONAL LEAGUE
57129144	ADEPLAST
57153717	、 ASOC 《 ^ 丫 《 禹 JUD 《 T 过 禹 禹 DE FO 丫 0 蟲 L MARAMURES
57153718	、 ASOC 《 ^ 丫 《 禹 JUD 《 T 过 禹 禹 DE FO 丫 0 蟲 L MARAMURES
57153763	ASOC iatia Judeteana de Fotbal ov
57157317	00E 亻 E
57157318	00E 亻 E
57159063	FRF
57159064	Asociatia Judeteana de Fotbal ov
57159167	\OoO/
57161614	FRF
57161615	FRF
57161616	FRF
57161641	FRF
57161642	FRF
57161643	FRF
57161644	FRF
57161645	FRF
57161646	FRF
57161647	FRF
57161648	FRF
57161649	FRF
57161650	FRF
57164638	FRF
57164639	FRF
57171620	FRF
57171621	FRF
57171622	FRF
57171623	FRF
57171624	FRF
57171625	FRF
57171626	FRF
57171627	FRF
57171628	FRF
57171629	FRF
57172450	FRF
57172451	FRF
57172452	FRF
57172453	FRF
57172454	FRF
57172455	FRF
57172456	FRF
57172457	FRF
57172458	FRF
57172459	FRF
57172460	FRF
57175683	FRF
57175684	FRF
57189770	FRF
57189771	FRF
57189810	FRF
57189811	FRF
57190785	FRF
57190786	FRF
57191019	FRF
57191020	FRF
57191021	FRF
57208065	FRF
5724964	1 · Liga
5724965	1 · Liga
5724966	1 · Liga
5745011	PBHJA
5745014	PBHJA
5745017	PBHJA
5745020	《 e m 1 .CFL
5754884	PBHJA
5754885	PBHJA
5754888	ampltudo Q.@FL
5756173	PBHJA
5756176	PBHJA
5756178	PBHJA
5756180	PBHJA
5770142	PBHJA
5770143	PBHJA
5776050	1 P RVA 凵 G A SRBIJA
5781023	UNDER-17 HAMPIO
5781024	UNDER-17 HAMPIO
5792232	ednica 7
58	SV E R 《 G E
58031020	鼢 0 以
58135036	MOTIOAeXHaA 中 YT60 月 bHag
58135037	、 0 / 萝 •y•rsOS
58135039	彳 0 “ 0
58135040	冷 〗 30n 0 80n 0
58135042	UEXPETNOHMbHOE 0 S b 〔 H [ H 渊 ． [ 〔 P ^ OYV60JIA 取 》 飞 0r0 OEAEPMbHOrO OKPTA
58135043	COIO
58135045	CO 囤 3
58135046	0
58135047	øonA 距
58135049	、 0 / 萝 •y•rsOS
59005735	渺 0 H 0 乊
59005736	n P 曰 A
59005737	K 曰 K KblP 「 b13 匚 TAHA
59006196	IDBANK PREMIER LEAGUE
59006197	LlßLl&FL
59006943	PRZMYZRLIQASI
59007527	OLIMPBET.KZ
59007546	0yT60
59007572	0yT60
59007597	0yT50
59007598	øc 旧 KO
59007607	SUPER LIGA
59007869	P1360Qfl
59007871	0 35 n
59007872	。 “ 凹 m ％ 6d0
59007964	20,
59009237	GFF
59009270	GFF
59010820	øc 旧 KO
59020461	GFF
59029983	FUTeoz
59035829	øc 旧 KO
59045407	0 35 n
59045408	0 35 n
59045661	GFF
59059091	n P 曰 A
59059092	nEPBAR 月 「 A nEPBEHCTBO KblPTb13CTAHA no @YT60JIY
59059093	n P 曰 A
59059094	n P 曰 A
59060080	FUTeoz
59069897	nEPBAR 月 「 A nEPBEHCTBO Kbl P 「 b13CTAHA no 0 野 月 Y
59069898	nEPBAR 月 「 A nEPBEHCTBO Kbl P 「 b13CTAHA no 0 野 月 Y
59091978	PROFESCIONAL FOOTSALL
59091979	UZBEKISTAN FOOTBALL UFF FEDERATION
59104404	PROFESCIONAL FOOTSALL
59107181	øc 旧 KO
59107182	KFF
59107183	KFF
59107184	KFF
59107185	KFF
59107186	KFF
59107188	CEMEH
59107189	K A 3 卜
59107192	.IIO 巾 巾
59107194	60 月 ACco 2016
59107196	0yT50 刀 HAMMHAETCR C HA M ！
59107200	飞 民 0 n 处
59107201	KFF
59107202	ØY
59107206	()Y 吓 0 鼎 AJIMATbl
59107902	()Y 吓 0 鼎 AJIMATbl
59107903	()Y 吓 0 鼎 AJIMATbl
59110037	TIO, 00r LEAGUE7
59114818	GFF
59114819	GFF
59114820	GFF
59125821	&UPERCUPA MOLDOVEJ
59126495	CrystdIbet 跖 DP17P17
59126496	CrystdIbet 跖 DP17
59126497	ETlöö 3 b 心 0 0 3 C@〔〕 b £ 60 a 3 0 6
59126498	凹 3
59126499	凹 3
59126500	GFF
59126501	GFF
59126502	GFF
59126503	GFF
59126507	GFF
59127893	GFF
59129078	GFF
59129079	GFF
59129080	GFF
59129081	GFF
59129299	GFF
59129300	GFF
59129301	GFF
59129302	GFF
59129374	GFF
59129396	GFF
59129397	GFF
59129398	GFF
59129753	GFF
59129754	GFF
59133945	TAJ/&
59133946	TA J 丿 、
59133947	TA J 丿 、
59133948	TA J 丿 、
59133949	TA J 丿 、
59135009	GFF
59135039	0 凵 G
59135040	PROFESCIONAL FOOTSALL
59135041	PROFESCIONAL FOOTSALL
59143554	GFF
59143555	GFF
59143556	GFF
59143557	G 下 下
59143695	一 凹 n 己 岂 b ö d C) 3 0 (T) b 0 CO 3 5 忑 四 0 6 6 3 0 CO 5 0
59143696	GFF
59143697	GFF
59143698	GFF
59143699	GFF
59143700	GFF
59143701	GFF
59143702	GFF
59143728	PROFESCIONAL FOOTSALL
59143729	PROFESCIONAL FOOTSALL
59143730	PROFESCIONAL FOOTSALL
59143731	PROFESCIONAL FOOTSALL
6	UPERLIGA
60	LIGA P 皿 刊 删 L Betclic
60008733	匚 OPPA TITANO BKN30 《
60008783	SUPER 匚@PPÄ SAMMARINESE
60021349	」 ] 日 彐 SAN MARINE)
60024420	」 ] 日 彐 SAN MARINE)
61	LIGA P 皿 刊 删 L2 SABSEG
61006615	0
61006616	EAST O F S C O T LA N D F O O T B A L L L E A G U E
61006617	%COTLA/VO
61006769	north caLedonian league
61021798	WOSFL WEST OF 凭 OTL 对 FCX3TBALL LEAGUE
61021805	%COTLA/VO
61021806	%COTLA/VO
61021807	%COTLA/VO
61021808	%COTLA/VO
61021809	Ea st Region of The Scottish Junior Football Association PREMIERSHIP SOUTH MCBOOKI€.COM
61021810	East Region of The Scottish Junior Football Association PREMIERSHIP NORTH 0 ` 0 0 McB00Kle.cotv\ 0 ， 性 0
61021811	Ea st Region Of The Scottish Junior Football ASSOCiation 0 ` 0 拙 0 MCBOOKE.COM
61021812	Ea st Region Of The Scottish Junior Football ASSOCiation 0 ` 0 拙 0 MCBOOKE.COM
61021813	Ea st Region Of The Scottish Junior Football ASSOCiation 0 ` 0 拙 0 MCBOOKE.COM
61021814	MCBOOKE.COM
61021815	East Region 0 、 0 N 0 虍
61021816	c 亠 E ℃ 0 SJf
61025746	%COTLA/VO
61025888	SCOTTISH JUNIOR ？
61026063	%COTLA/VO
61026070	%COTLA/VO
61026075	GPH BUILDERS MERCHANTS HIGHLAND
61026076	%COTLA/VO
61026077	WOSFL E 釘 SCOTO%NO ℃ 0 L LEAGUE
61026078	FOCYt"Ai.i-•
61058066	%COTLA/VO
61058067	%COTLA/VO
61058068	%COTLA/VO
61058069	%COTLA/VO
61058071	%COTLA/VO
61058072	%COTLA/VO
61058124	%COTLA/VO
61058250	%COTLA/VO
61058280	%COTLA/VO
61058281	%COTLA/VO
61063387	S C O TT | S H LOWLAND FOOTBALL L EA G U E
61081064	PREMIERSHIP
61081065	PREMIERSHIP
61081066	PREMIERSHIP
61088722	EAST O F S C O T LA N D F O O T B A L L L E A G U E
61088723	EAST O F S C O T LA N D F O O T B A L L L E A G U E
61088724	EAST O F S C O T LA N D F O O T B A L L L E A G U E
61089737	RESERVE LEAGUE
61089738	RESERVE UEAGUE 2
61089739	RESERVE CUP
61089740	RESERVE ～ “ CHALLENGE 、 《 CUP
612799	BOL 〖 亽 / 9 0 SV E R 《 G E
62	CAVPEONATO NACIONAL DIVISÄ@
62002147	FS CG
62015650	PBVIJA
62095849	PBHJA
62206514	PBHJA
62206516	PBHJA
62206518	POKALSLOVENJJE
62214656	PBHJA
62214658	0 2SKL
63	CAVPEONATO NACIONAL DIVISÄ@
63032007	0 亻 B A 〔
63032037	0 亻 B A 〔
63032038	0 亻 B A 〔
63032039	0 亻 B A 〔
63032073	0 亻 B A 〔
64	CAVPEONATO NACIONAL DIVISÄ@
64000177	0 § 、 LOV 巨 N
6400089	BOL 〖 亽 / 9 0 SV E R 《 G E
6400090	BOL 〖 亽 / 9 0 SV E R 《 G E
6400091	BOL 〖 亽 / 9 0 SV E R 《 G E
6400092	BOL 〖 亽 / 9 0 SV E R 《 G E
6400093	BOL 〖 亽 / 9 0 SV E R 《 G E
6400094	BOL 〖 亽 / 9 0 SV E R 《 G E
6400095	BOL 〖 亽 / 9 0 SV E R 《 G E
6400096	BOL 〖 亽 / 9 0 SV E R 《 G E
6400097	BOL 〖 亽 / 9 0 SV E R 《 G E
6400098	BOL 〖 亽 / 9 0 SV E R 《 G E
6400099	BOL 〖 亽 / 9 0 SV E R 《 G E
6400100	BOL 〖 亽 / 9 0 SV E R 《 G E
64005980	SUPERRPOKÅL · TelekomSlovenije
64043172	ofa.om
64047529	ofa.om
64047956	COMM 00 L 厶 0 LEAGUE 2
65010780	ABC MOTSEPE LEAGUE
65010781	ABC MOTSEPE LEAGUE
65010782	ABC MOTSEPE LEAGUE
65010783	ABC MOTSEPE LEAGUE
65010784	ABC MOTSEPE LEAGUE
65010785	ABC MOTSEPE LEAGUE
65010786	ABC MOTSEPE LEAGUE
65010787	ABC MOTSEPE LEAGUE
65010788	ABC MOTSEPE LEAGUE
65013268	ci
65025757	SAB ． 地 South ^ ／ L EA G u E
65025758	SAB ． 地 South ^ ／ L EA G u E
65025759	SAB ． 地 South ^ ／ L EA G u E
65025760	SAB ． 地 South ^ ／ L EA G u E
65025761	SAB ． 地 South ^ ／ L EA G u E
65025762	SAB ． 地 South ^ ／ L EA G u E
65025763	SAB ． 地 South ^ ／ L EA G u E
65025764	SAB ． 地 South ^ ／ L EA G u E
65025765	SAB ． 地 South ^ ／ L EA G u E
65025994	SAB ． 地 South ^ ／ L EA G u E
65025995	SAB ． 地 South ^ ／ L EA G u E
65025996	SAB ． 地 South ^ ／ L EA G u E
65025997	SAB ． 地 South ^ ／ L EA G u E
65025998	SAB ． 地 South ^ ／ L EA G u E
65025999	SAB ． 地 South ^ ／ L EA G u E
65026000	SAB ． 地 South ^ ／ L EA G u E
65026001	SAB ． 地 South ^ ／ L EA G u E
65026002	SAB ． 地 South ^ ／ L EA G u E
65026003	SAB ． 地 South ^ ／ L EA G u E
65026004	SAB ． 地 South ^ ／ L EA G u E
65026005	SAB ． 地 South ^ ／ L EA G u E
65026006	SAB ． 地 South ^ ／ L EA G u E
65026007	SAB ． 地 South ^ ／ L EA G u E
65026008	SAB ． 地 South ^ ／ L EA G u E
65026009	SAB ． 地 South ^ ／ L EA G u E
65026010	SAB ． 地 South ^ ／ L EA G u E
65026011	SAB ． 地 South ^ ／ L EA G u E
65026012	SAB ． 地 South ^ ／ L EA G u E
65026013	SAB ． 地 South ^ ／ L EA G u E
65026014	SAB ． 地 South ^ ／ L EA G u E
65026015	SAB ． 地 South ^ ／ L EA G u E
65026016	SAB ． 地 South ^ ／ L EA G u E
65026017	SAB ． 地 South ^ ／ L EA G u E
65026018	SAB ． 地 South ^ ／ L EA G u E
65026019	SAB ． 地 South ^ ／ L EA G u E
65026020	SAB ． 地 South ^ ／ L EA G u E
65026021	SAB ． 地 South ^ ／ L EA G u E
65026022	SAB ． 地 South ^ ／ L EA G u E
65026023	SAB ． 地 South ^ ／ L EA G u E
65026024	SAB ． 地 South ^ ／ L EA G u E
65026025	SAB ． 地 South ^ ／ L EA G u E
65026026	SAB ． 地 South ^ ／ L EA G u E
65026027	SAB ． 地 South ^ ／ L EA G u E
65026028	SAB ． 地 South ^ ／ L EA G u E
65026029	SAB ． 地 South ^ ／ L EA G u E
65026030	SAB ． 地 South ^ ／ L EA G u E
65026031	SAB ． 地 South ^ ／ L EA G u E
65026032	SAB ． 地 South ^ ／ L EA G u E
65026033	SAB ． 地 South ^ ／ L EA G u E
65026034	SAB ． 地 South ^ ／ L EA G u E
65026035	SAB ． 地 South ^ ／ L EA G u E
65026036	SAB ． 地 South ^ ／ L EA G u E
65026037	SAB ． 地 South ^ ／ L EA G u E
65026038	SAB ． 地 South ^ ／ L EA G u E
65026039	SAB ． 地 South ^ ／ L EA G u E
65026040	SAB ． 地 South ^ ／ L EA G u E
65026041	SAB ． 地 South ^ ／ L EA G u E
65026042	SAB ． 地 South ^ ／ L EA G u E
65026043	SAB ． 地 South ^ ／ L EA G u E
65026044	SAB ． 地 South ^ ／ L EA G u E
65026045	SAB ． 地 South ^ ／ L EA G u E
65037440	DISKI CHALLENGE
65045201	m ll 仃 眈 H OI DtSkt $ 旧 E L D
65307440	RIULTICHOICE DtSkt CHALLENGE
6600088	ROYAL BELGIAN FA · 1895
6600089	ROYAL BELGIAN FA · 1895
6600090	ROYAL BELGIAN FA · 1895
6600091	ROYAL BELGIAN FA · 1895
66012765	KO R EA NATIONAI-• LEAGUE
66039931	Hyundai Oilbank 0 LEAGUE
66040773	LEAGUE
66042231	Hyundai Oilbank 0 LEAGUE
66042232	Hyundai Oilbank 0 LEAGUE
66042273	Hyundai Oilbank 0 LEAGUE
66100517	LEÄGUE DV' CED
661721	3 ． NL I STOK
661722	3 · NL ZAPAD
67036360	£ 000
67065287	FAF
67099722	R 声
67101188	RFGF
67101189	RFGF
67101190	0 0 0
67101191	R 声
67101192	R 声
67101195	R 声
67101196	R 声
67101197	R 声
67101198	R 声
67101199	R 声
67101200	R 声
67101201	R 声
67101202	R 声
67101203	R 声
67101208	R 声
67101209	R 声
67101210	R 声
67101211	R 声
67101212	R 声
67101216	R 声
67101217	R 声
67101218	R 声
67101219	R 声
67101220	R 声
67101221	R 声
67101222	R 声
67101223	R 声
67101224	R 声
68012819	SV E R 《 G E
69	R F E F
690094	EOVIKh
692430	： pn 砜 0 ^ HM KOn CFA
692431	CYPRU
692432	CYPRU
694364	下 0
694365	下 0
7	NordicBet LIGA
70	R F E F
70043162	TFF IJL 」 心 I 《 能 0 、 跹 门
70043163	TFF IJL 」 心 I 《 能 0 、 跹 门
70043164	TFF IJL 」 心 I 《 能 0 、 跹 门
70043165	TFF U L U S A L F u T B 0 凵 G 》
70053773	1974 4NKAP&
70053817	1974 4NKAP&
70053839	IZMIR 矛 ASKF 1982
70053874	IZMIR 矛 ASKF 1982
70054430	1986 ple
70054477	OR SPO
70086131	m .com LIG
70086132	\TFF U L u S L u 0 0 L 》 G 《
70086133	\TFF U L u S L u 0 0 L 》 G 《
70086134	\TFF U L u S L u 0 0 L 》 G 《
70086135	\TFF U L u S L u 0 0 L 》 G 《
70086136	\TFF U L u S L u 0 0 L 》 G 《
70086137	\TFF U L u S L u 0 0 L 》 G 《
70086138	\TFF U L u S L u 0 0 L 》 G 《
70086139	\TFF U L u S L u 0 0 L 》 G 《
70086140	\TFF U L u S L u 0 0 L 》 G 《
70086141	\TFF U L u S L u 0 0 L 》 G 《
70086146	T*FF LIG
70086153	\TFF U L u S L 0 0 L 》 G 《
70086154	\TFF U L u S L 0 0 L 》 G 《
70086155	\TFF U L u S L 0 0 L 》 G 《
70086156	\TFF U L u S L 0 0 L 》 G 《
70086157	\TFF U L u S L 0 0 L 》 G 《
70086158	\TFF U L u S L 0 0 L 》 G 《
70086163	BAL TOTO BÖLGESEL M 耵 LIG
70086170	BAL TOTO BÖLGESEL M 耵 LIG
70086171	BAL 一 DULO L ÅMÅITOR LIG
70086172	BAL 一 DULO L ÅMÅITOR LIG
70086179	0 飞 思 ． 以 0 以 000 《
70086180	0 飞 思 ． 以 0 以 000 《
70124376	m 蒴 .com
70124377	m 蒴 .com
71	R F E F
71045039	1996
71045302	cbKOro 1998
71045303	cbKOro 1998
71045308	0 100
71045309	0 EPA
71045311	巾 丘 0 Y
71045312	OCH a ß)e 1996
71045313	OCH a ß)e 1996
71045314	1996
71045315	nPEM'€PJIIrA 一 一 月 b B | B C b K 010 S n A C T |
71045316	nPEM'€PJIIrA 一 一 月 b B | B C b K 010 S n A C T |
71045320	丶 OAECbKA OSJIACHA @Y T 50 玑 b H A ACOUIAU19
71045324	气 巧
71045325	0 0 0 ABCb
71045333	CbKA O
71045337	4H//7P017ETPOBCbKA06F\ÅClb
71045339	cHAAc
71045340	Be 6
71045341	Be 6
71045344	ACo 1997
71045347	RATON KYN
71045348	RATON KYN
71045349	RATON KYN
71045350	RATON KYN
71045351	RATON KYN
71045381	0 100
71045487	月 0 峤
71045488	月 0 峤
71045511	丶 OAECbKA OSJIACHA @Y T 50 玑 b H A ACOUIAU19
71045512	丶 OAECbKA OSJIACHA @Y T 50 玑 b H A ACOUIAU19
71045527	onY H 丷 00 女
71045528	onY H 丷 00 女
71045938	cbKOro 1998
71045939	cbKOro 1998
71045940	cbKOro 1998
71045941	cbKOro 1998
71045942	cbKOro 1998
71045943	cbKOro 1998
71047459	= 景 阝 = 丿 991
71047500	0 0
71047501	0 0
71050733	0 負 Y 月 6 孕
71050734	0 負 Y 月 6 孕
71051642	cbKOro 1998
71051644	KYSOK KPbIMCKOCO
71051645	CbKA O
71051651	1996
71051656	1990 0
71051665	44CbKA
71051669	OM b 狀 0 靓 H 為 0 即 即 0 5 Y
71052239	UKRAINE
71052240	UKRAINE
71052308	ACo 1997
71052328	\ 05 以
71052329	\ 05 以
71052330	\ 05 以
71053276	0 0 凵 凵 0 以 00 0
71064630	CbKA O
71064631	CbKA O
71064659	4H//7P017ETPOBCbKA06F\ÅClb
71065038	CbKA O
71065041	巾 丘 0 Y
71076386	UKRAINE
71076387	UKRAINE
71076388	UKRAINE
71076389	UKRAINE
71088573	YTSo 010
71093597	YTSo 010
71097126	0 T Y P I 100 的 0000 0 000 的 “ 00 到 0 到 0 局 胤 0 B
71099861	YKpaiHCbKa npeM'€p-J1i 「 a
71099862	YKpaiHCbKa npeM'€p-J1i 「 a
71105153	UKRAINE
71105166	UKRAINE
72	R F E F
72000887	0
72004433	s0CCER LEAGUE
72005980	MCMXCVI ， 伽 3在@墅
72005983	D E R B Y
72005984	SICO actona
72006960	CANADA 鼻 以 鼻 0 戔 的 P
72007056	Super [ 《 白 0 SUNDAY. OCTOBER 6 @ 2:OOPM STUBHUB CENTER
72007057	TRILLIUM cUP c0LUMBUS 一 TORONT0 PRE-StNTtD cottS
72007058	2012
72009534	CUP
72021007	NRSL
72021822	s0CCER LEAGUE
72022945	sUPER 卜 旧 [ dJSL
72023744	MLS
72023762	OéVSLOPIMIéNT
72023986	NORVH AMERICAN SOCCER EAGUE
72043033	MLS
72043034	MLS
72043035	MLS
72043036	MLS
72043037	MLS
72043038	MLS
72043039	MLS
72051788	EL TRAFICO
72051797	CAN ADA
73100020	DigiceI CHAMPIONNAT HAit' 鬚
74	LIGA PROFESIONAL DE FÜTBOL
7400001	\-\ONG /fo
7400198	\-\ONG /fo
7400579	\-\ONG /fo
74010089	的 0 。 “ 0 。 的 0
74010091	0
7401053	\-\ONG /fo
74011024	Cynghrair COStcutter League
74011025	Cynghrair COStcutter League
74011086	0 Mid Wales South F00tbalI League
74013576	PA R
7401410	\-\ONG /fo
74038551	WELSH NATIONAL LEAGUE
74039767	0
74040882	0 虍 00 亻
74040883	F 00
74047338	NATHANIEL MG CUP
74048945	0
74049077	以 HUWS GRAY F 0 N 0 E D 《 N 1 9 9 0 ALLIANCE A N F A W D R E （ T [ Y A F F [ 《 AT [ 0 L E A G U E
74055118	N E W FA
7460103	THAILAND
7460105	THAILAND
7460501	FAOCUP
7483354	乡 0 \ bEAAPYCbAHK Bbi 出 3 沩 山 A J1irA
7483369	APWA9
75	LIGA PROFESIONAL DE FÜTBOL
7500000	*éfbet ^ r A
7500118	0 丶 0 / BTOPA 月 A
7500138	0 丶 0 / TPETAJ1ffA
7500139	0 丶 0 / TPETAJ1ffA
7500140	0 丶 0 / TPETAJ1ffA
7500141	0 丶 0 / TPETAJ1ffA
7500142	0 丶 06JIACTHV1 「 PYf1V1
75034137	segunda
75034145	Supercopa easy
75042416	Proyecci6n G GATORADE
75042417	乒 tbO 《 Joven G GATORADE
7520391	LIGA otpbank
7520393	@merkantilbank LIGA
7520395	MOL MAGYAR KUPA
7522796	@merkantilbank LIGA
7540024	SUPERLIGA
7540080	LIG 磊 2
7540081	LIG 磊 2
7540206	即 M 鼐
7540207	FRF
7542192	FRF
7560276	凵 G 办
7560278	乁 B 乙
7560280	乁 B 乙
7580000	telemach
7580014	NZS PokaI P ivova rn a Union
76	LIGA BetPIay DIMAYOR
76033484	SUPERLICA BetPlay DIMAYOR
76050811	SUPERCOPA JUVENIL FCF
7640059	URAN CUP
7640505	HefO\
7681558	PREMIUM
7681867	下 下 $ TI KRRIKRS
77	LIGA BetPIay DIMAYOR
77047342	LIGAI
77047934	COPA PERÜ
77047935	COPA PERÜ
77047936	COPA PERÜ
77047937	COPA PERÜ
77047938	COPA PERÜ
77047939	COPA PERÜ
77047940	COPA PERÜ
77047941	COPA PERÜ
77048809	00 ållNCA
77050928	COPA FEDERACIÖN
77055504	PROMOCION
77055538	伊 p
77056992	LIGAI
7744910	ljga 旧 己 囗 nes 闩
7744911	ljga 旧 己 囗 nes 闩
7746527	ljga 旧 己 囗 nes 闩
7746534	PSSI
7746535	PSSI
7746536	EIALA
7746537	PIALA PRESIDEN 2019
7746798	DIVISI 'A
7746838	DIVISI 'A
7746850	DIVISI 'A
7746876	ljga 旧 己 囗 nes 闩
78	丫 OR EO BetPIay DIMAYOR
7800373	- UB 匪00@的老
7801114	B 血 禹 0 睚
78046529	： OFI ： 1946
78048161	： OFI ： 1946
78058914	禹 《 0 、 ． ， 0 URUGUAYO PRIMERA DIVISIÖN PROFES ℃ NAL
78071686	0 0
78079462	禹 《 0 、 ． ， 0 URUGUAYO PRIMERA DIVISIÖN PROFES ℃ NAL
78084647	UAUGUAVA
781180	明 治 安 田 生 命 J3 LEÄGUE
7840133	芒 G
7840174	Mj61kurbikarinn
7860001	JII 匍
7861961	ISRAEL F 0 0 t b a 目 A s s 0 c i 0 t i o n ） N 也 ' 〕 ） ] ． 到 ] 〕 ） JÄlIn,Nnnn
786418	JAPAN JFA
7880000	ADNOC PRO LEAGUE dq 」 -2i ADNOC
7880028	刂 l-a UI UAE
7880029	ülJLaUl UAE
7880030	刂 l-a UI UAE
788825	JAPAN JFA
788827	H0kushinetsu 0 F00tball 过@过 0 大 一 迎 巛
788828	JAPAN JFA
788830	0 CHUGOKU SOCCER LEAGUE
788831	JAPAN JFA
788832	JAPAN JFA
788837	JAPAN JFA
788839	JAPAN JFA
79	丫 OR EO BetPIay DIMAYOR
7900421	PFL UZBEKI STAN PRC)FÉSSOC)[UAL 《 」 00 《 的 0 卧 过
7900422	PROFESCIONAL FOOTSALL
7900423	PROFESCIONAL FOOTSALL
7900424	UZBEKISTAN FOOTBALL UFF FEDERATION
7900548	PROFESCIONAL FOOTSALL
790071	H0kushinetsu 0 F00tball 过@过 0 大 一 迎 巛
79010950	tiG6 ViSiON
79010962	APF INTERMEDIA
79010976	《 M
79013880	U. F I.
79023439	0 APF PRIMERA B
79032895	COPA PARAGUAY APF
791180	MEIJIYASUDA J3 LEÄGUE
7920263	kSL
7920264	MSL
7920265	CROWN “ CUP
7920511	S A F F
792200	明 治 安 田 生 命 J3 LEÄGUE
792312	明 治 安 田 生 命 J3 LEÄGUE
8	DIVISION
80	C A M P E 0 N AT 0
80000563	Liga Promerica Prim ra Divisiön-Costa Rica
80000564	凵 GA moto 「 0 《 0 D E ASCENSO
80000567	SERIE B LigaPro
80010007	LIGA 忒 GO pROM 丷
80024180	《 《 5 [ EII 乳 FE I$JFUT
80030070	匚 0 P A ROMMEL FERNÅNDEZ 0
8050900	彳 0 认 0
8050901	冷 〗 30n 0 80n 0
8050903	UEXPETNOHMbHOE 0 S b 〔 H [ H 渊 ． [ 〔 P ^ OYV60JIA 取 》 飞 0r0 OEAEPMbHOrO OKPTA
8050904	COIO
8050906	CO 囤 3
8050907	øonA 距
8050908	0
8051008	0
8053978	0 口 M P.B ET--
8055860	CO 囤 3
8068002	、 0 / 萝 •y•rsOS
8068021	、 0 / 萝 •y•rsOS
8068040	、 0 / 萝 •y•rsOS
8068070	、 0 / 萝 •y•rsOS
8068085	、 0 / 萝 •y•rsOS
8068104	、 0 / 萝 •y•rsOS
8068237	、 0 / 萝 •y•rsOS
8074867	彳 0 “ 0
8074898	彳 0 “ 0
8074911	彳 0 “ 0
8074952	冷 〗 30n 0 80n 0
8074978	CO 囤 3
8074991	距 4
8075138	0
8075156	UEXPETNOHMbHOE 0 S b 〔 H [ H 渊 ． [ 〔 P ^ OYV60JIA 取 》 飞 0r0 OEAEPMbHOrO OKPTA
8075205	、 0 / 萝 •y•rsOS
81	C A M P E 0 N AT 0
81001093	、 ～ J 勿 匆 '
81001139	2 Æ\F 料 凵 薊 00 1 ℃ 〕 ntH 訓
81001140	00T RMRI （
81001141	00T RMRI （
81001142	00T RMRI （
81001143	2 Æ\F 料 凵 薊 00 1 ℃ 〕 ntH 訓
81010190	00T RMRI （
81010191	00T RMRI （
81010192	00T RMRI （
81010193	00T RMRI （
81010194	00T RMRI （
81010195	00T RMRI （
81010196	00T RMRI （
81010197	00T RMRI （
81010198	00T RMRI （
81010199	00T RMRI （
81010200	00T RMRI （
81010201	00T RMRI （
81010202	00T RMRI （
81010203	00T RMRI （
81010204	00T RMRI （
81010205	00T RMRI （
81012802	00T RMRI （
81012803	00T RMRI （
81012804	00T RMRI （
81012805	00T RMRI （
8104334	BOL 〖 亽 / 9 0 SV E R 《 G E
8104335	BOL 〖 亽 / 9 0 SV E R 《 G E
8104336	BOL 〖 亽 / 9 0 SV E R 《 G E
8104337	BOL 〖 亽 / 9 0 SV E R 《 G E
8104338	BOL 〖 亽 / 9 0 SV E R 《 G E
8104339	BOL 〖 亽 / 9 0 SV E R 《 G E
8104340	BOL 〖 亽 / 9 0 SV E R 《 G E
8104341	BOL 〖 亽 / 9 0 SV E R 《 G E
8104342	BOL 〖 亽 / 9 0 SV E R 《 G E
81060705	OOTB 殳 RMRI （
81060706	OOTB 殳 RMRI （
81060707	00T RMRI （
81060708	00T RMRI （
81061266	00T RMRI （
81061267	00T RMRI （
81061268	00T RMRI （
81061269	00T RMRI （
8114887	． 亠
8114888	． 亠
8154769	ROYAL BELGIAN FA · 1895
8154770	ROYAL BELGIAN FA · 1895
8154771	ROYAL BELGIAN FA · 1895
8154772	ROYAL BELGIAN FA · 1895
8154773	ROYAL BELGIAN FA · 1895
8154774	ROYAL BELGIAN FA · 1895
8154775	ROYAL BELGIAN FA · 1895
8154776	ROYAL BELGIAN FA · 1895
8154777	ROYAL BELGIAN FA · 1895
8154824	ROYAL BELGIAN FA · 1895
82	Ca m peonato PlanVi 囿
82001154	Digicel 0 e PREMIER DIVIS10N
82060923	DigiceI Charity ，
82060936	D2
82060937	@igi@el
82060939	H A 《 T 《 0
82061072	COPA DOMIN ℃ ANA DE FUTBOL 0
82061644	G FA CUP
82061799	- 《 GRENDQ PREITIIER LEAGUE
82061804	乇 NA 以
82061861	.OTBAQ
82061873	Federashon FutböI Boneriano
82061953	F 0 SOCIAO
82061957	F 0 SOCIAO
82061960	F 0 SOCIAO
82061993	CAMPEONATO
82062008	CAMPE ONA T()
82062009	CO BETICO
82062063	讞 0 砌 FOOTBALL ASSOC•
82062064	讞 0 砌 FOOTBALL ASSOC•
82062121	CHAMPIONS
82062206	Corona LEAGUE
82062234	8Vl FA F T 就
82062298	辏 tUP
82062389	4 FOOTBAW №
82062411	、 1 Ligue de Guyane
82062515	乇 NA 以
82062516	SU PER 0
82062798	LIG UE DE FOOTBÄ,IÄ.I DE LA MARTINIQUE
82062803	LIG UE DE FOOTBÄ,IÄ.I DE LA MARTINIQUE
82062804	LIG UE DE FOOTBÄ,IÄ.I DE LA MARTINIQUE
82062809	亻 ROPH 下
82062881	OOTB
82062894	FA CUP
82062960	OOTB 禹 《 《
82063041	T O S Saint Martin
82063267	0 0 00 匕 三 ^ 凵 三
82063269	19 ％ r00TßALL ssoc 0
82070618	B E L 1 Z E
82074236	FOUNDED 《 925 eACH 0 NG 慮 C v 0
82074906	Digicel （ AM ONN 禹 丫 HA 而 筷
82074999	Digicel （ AM ONN 禹 丫 HA 而 筷
82076276	飞 ORRI FPF 1940
82079395	Trophée Mare GaiIIard LIGUE ANTILLES FOOT
82079663	OCCE 冷 S · M · S · A.
82081264	MEN'S U № 灬 · 2016 丶 ／
82081964	aribbean CIu Shield
82082544	OUANALNO
82083139	S.K.N. F.A.
82083265	OUANALNO
82083790	TTFA TRINIDAD & TOBAGO aoTBALL
82083791	TTFA TRINIDAD & TOBAGO aoTBALL
82083792	TTFA TRINIDAD & TOBAGO aoTBALL
82083794	TTFA TRINIDAD & TOBAGO aoTBALL
82083795	TTFA TRINIDAD & TOBAGO aoTBALL
82083796	TTFA TRINIDAD & TOBAGO aoTBALL
82086013	OUANALNO
82086536	LGF LIGUE GUADELOUPÉENNE DE FOOTBALL
82086538	LGF LIGUE GUADELOUPÉENNE DE FOOTBALL
82086556	LIG UE DE FOOTBÄ,IÄ.I DE LA MARTINIQUE
82086575	LIG UE DE FOOTBÄ,IÄ.I DE LA MARTINIQUE
82086577	LIG UE DE FOOTBÄ,IÄ.I DE LA MARTINIQUE
82087027	GFA CONFERENCE LEAGUE
82087039	GFA CONFERENCE LEAGUE
82087044	GFA CONFERENCE LEAGUE
82087049	GFA CONFERENCE LEAGUE
82087844	砌 FOOTBALL ASSOC•
82087846	砌 FOOTBALL ASSOC•
83	Ca m peonato PlanVi 囿
8300358	betri D E | L D 丨 N
8300390	L 囫 G M ^ N S S T E Y P 《 D 0
83141246	B RAG A
83141247	B RAG A
83141251	0
83141252	凵 GA lll 三 0 ACORES
83141263	AFB
83148877	P 下
831597	FIGC LEGA NAZIONALE DILETTANTI 虫 0 SERIE 0
83169224	P 下
83169225	P 下
83191747	JUNIORES
83191748	JUNIORES
83191749	JUNIORES
83191750	JUNIORES
83191751	JUNIORES
83191752	JUNIORES
83191753	JUNIORES
83191754	JUNIORES
83191755	JUNIORES
83191756	JUNIORES
83191757	JUNIORES
83191758	JUNIORES
83191759	JUNIORES
83191760	JUNIORES
83191761	JUNIORES
83191762	JUNIORES
83191763	JUNIORES
83191764	JUNIORES
83191765	JUNIORES
83191766	JUNIORES
83191767	JUNIORES
83191768	JUNIORES
83191769	JUNIORES
83191770	JUNIORES
83191771	JUNIORES
83191772	JUNIORES
83191773	JUNIORES
83191774	JUNIORES
83191775	JUNIORES
83191776	JUNIORES
83191777	JUNIORES
83191778	JUNIORES
83191779	JUNIORES
83191780	JUNIORES
83191781	JUNIORES
83191782	JUNIORES
83191783	JUNIORES
83191858	JUNIORES
83191859	JUNIORES
83192131	JUNIORES
83216023	JUNIORES
83223443	JUNIORES
8350942	0 7ablss, 冂 Superiore
8351372	、 丶 Kategoria e Paré FSHF
8351374	KUPA E SHQIPERISE
8351378	Kategoria e D 尹 FSHF
84	0 MX 凵 GA
8401070	1 MAKEAOHCKA
8401071	' 00M
8401073	m ： tel PRGMIJGR LIGA Bosne i Hercegovine
8401074	SAVEZ DRUGA LIGA Federacije BIH
8403697	0 OPTIBET Virsliga
8403796	2 MAKEAOHCKA
8403797	OPTIBET NAKOTNES 凵 ga
8403979	tATVlJAS 烈 'N 耵 A 1 ， LIGA
8407360	m ： tel nPBA 月 @CPC
8407370	SAVEZ / 村 ERC 0 m ： tel PRVA 凵 GA FEDERACIJE Bi H
8425272	R00 仃 CO
8425290	C ， 《 0 ， 0 《 ， C 《 At 到 CFA
8436667	亽 pN 下 少
8436980	0 NA 铲
8454928	C H A T H A M
8454929	A U S T R A L 丨 A N S 0 C E R
8457145	000
8457147	凵 G U E 1 V 冂
8457149	vodafone PREMIER LEAGUE z016
8459267	DigiceI DIGICEL PREMIER CHÅMPIONSHIP
8459277	ONGA
8459307	COOK ISLANDS
8459333	FFAS
8459343	kiÜWiijL4 @它亇腋0《飞Ü秫 NATIONAL SOCCER LEAGUE 2021
85	0 MX 凵 GA
8500001	卜 G NH4r 血 轭
85015395	亽 pN 下
85015398	亽 pN 下
85036608	亽 pN 下
85138831	COUPE CHRRLES-DRRGO
8550000	SÄM NGOC LINH K 0 N T M V.LEAGUE 1 2022
8550001	V.LEAGUE2
8550002	auäce On Sports
8550003	VFF
8550028	auäce On Sports
8550030	auäce On Sports
8550034	VFF
8550035	NATIONAL CUP 2022 BaF
8550043	矧 !J 0 旦 周 卣 0 ^ 回 旦 0 匚 回
86000000	0 LIG tiG6
86000002	LIGA FUTVE
86000021	LPF tiGO
86000027	凵 GA RRIMERA
86009019	COPA SIMÖN
86019125	口 P
862765	HOOFD KLASSE
862766	HOOFD KLASSE
862767	HOOFDKLASSE
862768	HOOFD KLASSE
862769	HOOFD KLASSE
862770	HOOFDKLASSE
8700002	OBERLIGA BW
8700003	LOTTO IGA Hessen
8700005	OBERLIGA WESTFALEN
8700007	OSTDEU? - NOFV 一
8700008	OSTDEU? - NOFV 一
87000201	LIga ， betcris 00 0 DU - S
87000202	Liga NacionaI de Ascenso
87000416	0 P 汐 U N C A F
87000427	然 “
87000495	C CUATE BANRURAL
87001465	eREM 丨 ER
87001812	LIGA D EM
87010714	Liga NacionaI de Ascenso
87010715	Liga NacionaI de Ascenso
87010716	Liga NacionaI de Ascenso
87010717	Liga NacionaI de Ascenso
88006344	E NT LEAGUE
88006349	NW PREMIERSHIP
88006351	centralfootball
88027101	SOCC 下 ` PNGFA 丿 '
88027102	SOCC 下 ` PNGFA 丿 '
88027103	SOCC 下 ` PNGFA 丿 '
88027104	SOCC 下 ` PNGFA 丿 '
8826787	伊 p
8826788	伊 p
8826789	OFI 1946
8830770	· C 傭 羽 SUB20
8830792	SUB 17
8830803	PREOLiMPICO
8876419	CAVPEONATO NACIONAL DIVISÄ@
89022624	THE BUILDBASE FA VASE
89056580	MALL
89056581	es
89056582	旺 下 勿 SINCE 2m8
89056583	仒 F F K FUTBOO-\fi
89056584	仒 F F K FUTBOO-\fi
89062118	proximus league
89062128	proximus league
89064879	1000
89068643	BETVICTOR ISTHMIAN LEAGU E
89068644	BETVICTOR ISTHMIAN LEAGU E
89072425	引 0
90	TIO 沁 §
90025624	气 BOL （ 亽 SV E R 《 G E
90077614	OUNIORSKA 凵 GA
90077615	FRCR
90081108	PITCtlING PARTNERS WITH 60 冫 S 《 NC E 1968 NORTHERN PREMIER LEAGUE
90081109	PITCtlING PARTNERS WITH 60 冫 S 《 NC E 1968 NORTHERN PREMIER LEAGUE
90086659	%COTLA/VO
90086660	%COTLA/VO
90086661	%COTLA/VO
90086668	spo 「 t IIIS lr 0 SCOTTISH YOUTH FA CUP
91	TIO 沁 §
91107110	REGIONALLIGA N ． RDOST
91107111	0 REGIONALLICA
91109039	3AYE RN 《 还 A
91109040	3AYE RN 《 还 A
91109041	OBERLIGA NIEDERRHEIN
91109042	MITTELRHEIN LIGA
91145394	OSTDEU? 一 NOFV _
914522	NATIONAL2
914523	NATIONAL2
914524	NATIONAL2
918740	LIGUE MAYOTTE
92	TIO 沁 §
92086575	FO REGIONALLIGA NORD
92086576	OSTDEU? 一 NOFV _
92086577	EnBW Oberliga J u n i 0 r e n EnBW
92086578	Hessen IGA 引 sc
92086586	JUNI@REN- BUNDEST6A
93	TIO 沁 §
930953	O 四 SA 889 ·
93099401	气 BOL （ 亽 SV E R 《 G E
93099402	气 BOL （ 亽 SV E R 《 G E
93099403	气 BOL （ 亽 SV E R 《 G E
93099404	气 BOL （ 亽 SV E R 《 G E
93099456	气 BOL （ 亽 SV E R 《 G E
93099457	气 BOL （ 亽 SV E R 《 G E
93099473	气 BOL （ 亽 SV E R 《 G E
93099474	气 BOL （ 亽 SV E R 《 G E
93099497	气 BOL （ 亽 SV E R 《 G E
93099498	气 BOL （ 亽 SV E R 《 G E
93099499	气 BOL （ 亽 SV E R 《 G E
93099500	气 BOL （ 亽 SV E R 《 G E
93099501	气 BOL （ 亽 SV E R 《 G E
93099502	气 BOL （ 亽 SV E R 《 G E
93099503	气 BOL （ 亽 SV E R 《 G E
93099504	气 BOL （ 亽 SV E R 《 G E
93099505	气 BOL （ 亽 SV E R 《 G E
93099506	气 BOL （ 亽 SV E R 《 G E
93099507	气 BOL （ 亽 SV E R 《 G E
93099508	气 BOL （ 亽 SV E R 《 G E
93099524	气 BOL （ 亽 SV E R 《 G E
93099752	气 BOL （ 亽 SV E R 《 G E
93099753	气 BOL （ 亽 SV E R 《 G E
93099754	气 BOL （ 亽 SV E R 《 G E
93099755	气 BOL （ 亽 SV E R 《 G E
93099756	气 BOL （ 亽 SV E R 《 G E
93099757	气 BOL （ 亽 SV E R 《 G E
93104593	气 BOL （ 亽 SV E R 《 G E
93104594	气 BOL （ 亽 SV E R 《 G E
93104595	气 BOL （ 亽 SV E R 《 G E
93104596	气 BOL （ 亽 SV E R 《 G E
93104597	气 BOL （ 亽 SV E R 《 G E
93104598	气 BOL （ 亽 SV E R 《 G E
93122166	气 BOL （ 亽 SV E R 《 G E
93142413	气 BOL （ 亽 SV E R 《 G E
93142414	气 BOL （ 亽 SV E R 《 G E
93142415	气 BOL （ 亽 SV E R 《 G E
93142416	气 BOL （ 亽 SV E R 《 G E
93142417	气 BOL （ 亽 SV E R 《 G E
93144368	气 BOL （ 亽 SV E R 《 G E
932444	O 四 SA 889 ·
94	TIO 沁 §
94013292	C 0 焦 GU
94016345	eeuncio€ FOOTBALL LEAGUE
94029475	PITCI{ING PARTNERS WITH SOUTHERN FOOTBALL LEAGUE
94048275	PITCI{ING PARTNERS WITH SOUTHERN FOOTBALL LEAGUE
94048276	PITCI{ING PARTNERS WITH SOUTHERN FOOTBALL LEAGUE
95	EU 0P0 思 QUALIFIERS
95003534	0 HER? KUP Bosne i Herceg0VIne
95010081	P r v a L i g a F e d e r a c 刂 a BOS ne i Hercegovine
95035962	。 C 卜 COPA AMERICA
95039177	0 0 t b 以 1 1 1 以 8 u
95041291	<DCi
95041295	<DCi
95041301	T H E CENTRAL L E ^ G U E
95041302	Qgue
95041303	Qgue
95041304	Qgue
95041305	Qgue
95041312	。 OO YOU 丌 鬧
95041313	。 OO YOU 丌 鬧
95041314	。 OO YOU 丌 鬧
95041315	。 OO YOU 丌 鬧
95041316	。 OO YOU 丌 鬧
95041317	TheFA YOUTH CUP
95041345	、 、 ． GCC under 23 0
95041689	T H E CENTRAL L E ^ G U E
95041690	T H E CENTRAL L E ^ G U E
95041963	CBF
96	． CÄRIOCA 邾
96041163	F 0 R T U N A 0 1 LIGR
96041164	F 0 R T U N A 0 1 LIGR
96041204	F 0 R T U N A 0 1 LIGR
96041205	F 0 R T U N A 0 1 LIGR
96054495	丿 3 · LIGA PZPN
96054513	丿 3 · LIGA PZPN
96054531	丿 3 · LIGA PZPN
96054565	丿 3 · LIGA PZPN
96054586	丿 3 · LIGA PZPN
96054604	丿 3 · LIGA PZPN
96054661	丿 3 · LIGA PZPN
96054666	丿 3 · LIGA PZPN
96055459	2 LIGR
96055477	2 LIGR
96055498	2 LIGR
96055516	2 LIGR
96056843	丶 00
96056977	2 LIGR
96056978	2 LIGR
96056980	2 LIGR
96056981	2 LIGR
96056982	2 LIGR
96056983	2 LIGR
96057489	丶 00
96057519	Gos
96057533	LZPN
96057553	0 丶 、
96057614	M Z P N
96062912	owi
96062935	owi
96062957	口 Z
96062985	1929
96063004	、 ZER
96063448	\O ？ 0M0
96070495	丿 3 · LIGA PZPN
96070635	丿 3 · LIGA PZPN
96070768	丿 3 · LIGA PZPN
96070897	丿 3 · LIGA PZPN
96071007	丿 3 · LIGA PZPN
96071008	丿 3 · LIGA PZPN
96071041	丿 3 · LIGA PZPN
96071154	丿 3 · LIGA PZPN
96071279	丿 3 · LIGA PZPN
96071414	丿 3 · LIGA PZPN
96071598	丿 3 · LIGA PZPN
96071712	丿 3 · LIGA PZPN
96071824	丿 3 · LIGA PZPN
96071953	丿 3 · LIGA PZPN
96072087	丿 3 · LIGA PZPN
96072217	丿 3 · LIGA PZPN
96072341	丿 3 · LIGA PZPN
96072458	丿 3 · LIGA PZPN
96072585	丿 3 · LIGA PZPN
96072700	丿 3 · LIGA PZPN
96072737	丿 3 · LIGA PZPN
96072823	丿 3 · LIGA PZPN
96104037	2 LIGR
96104038	2 LIGR
96117027	CENTRRLNR LIGR JUNIORÖUJ
96117028	CENTRRLNR LIGR JUNIORÖUJ
96117029	CENTRRLN R LIGR JU 型 R 也
96117030	CENTRRLNR LIGR JUNIORÖUJ
96117031	CENTRRLNR LIGR JUNIORÖUJ
96117032	CENTRRLNR LIGR JUNIORÖUJ
96117033	CENTRRLNR LIGR JUNIORÖUJ
96117034	CENTRRLNR LIGR JUNIORÖUJ
96117035	CENTRRLNR LIGR JUNIORÖUJ
96120858	PÅZPAN
96120859	PÅZPAN
96128698	丿 3 · LIGA PZPN
96128753	丿 3 · LIGA PZPN
96128791	丿 3 · LIGA PZPN
97	SUB
98	@ 0 0 0 到 0 冒 0 Ah-AG@AN@
98005475	1 · Liga
98027828	P 疒 0m0 on l-eague
981733	League TWO
